date,day,month,year, value,k
12/2/2013,2.00,12.00,2013.00,3.2025,3.321485714
12/3/2013,3.00,12.00,2013.00,3.197,
12/4/2013,4.00,12.00,2013.00,3.263,
12/5/2013,5.00,12.00,2013.00,3.2465,
12/6/2013,6.00,12.00,2013.00,3.2625,
12/9/2013,9.00,12.00,2013.00,3.2805,
12/10/2013,10.00,12.00,2013.00,3.2865,
12/11/2013,11.00,12.00,2013.00,3.3175,
12/12/2013,12.00,12.00,2013.00,3.314,
12/13/2013,13.00,12.00,2013.00,3.334,
12/16/2013,16.00,12.00,2013.00,3.3565,
12/17/2013,17.00,12.00,2013.00,3.3475,
12/18/2013,18.00,12.00,2013.00,3.34,
12/19/2013,19.00,12.00,2013.00,3.3175,
12/20/2013,20.00,12.00,2013.00,3.326,
12/23/2013,23.00,12.00,2013.00,3.332,
12/24/2013,24.00,12.00,2013.00,3.398,
12/26/2013,26.00,12.00,2013.00,3.4205,
12/27/2013,27.00,12.00,2013.00,3.406,
12/30/2013,30.00,12.00,2013.00,3.3977,
12/31/2013,31.00,12.00,2013.00,3.4055,
1/2/2014,2.00,1.00,2014.00,3.3815,3.313666667
1/3/2014,3.00,1.00,2014.00,3.355,
1/6/2014,6.00,1.00,2014.00,3.3595,
1/7/2014,7.00,1.00,2014.00,3.3595,
1/8/2014,8.00,1.00,2014.00,3.3425,
1/9/2014,9.00,1.00,2014.00,3.299,
1/10/2014,10.00,1.00,2014.00,3.3415,
1/13/2014,13.00,1.00,2014.00,3.3465,
1/14/2014,14.00,1.00,2014.00,3.336,
1/15/2014,15.00,1.00,2014.00,3.358,
1/16/2014,16.00,1.00,2014.00,3.3425,
1/17/2014,17.00,1.00,2014.00,3.3445,
1/21/2014,21.00,1.00,2014.00,3.351,
1/22/2014,22.00,1.00,2014.00,3.337,
1/23/2014,23.00,1.00,2014.00,3.2855,
1/24/2014,24.00,1.00,2014.00,3.2715,
1/27/2014,27.00,1.00,2014.00,3.259,
1/28/2014,28.00,1.00,2014.00,3.253,
1/29/2014,29.00,1.00,2014.00,3.2405,
1/30/2014,30.00,1.00,2014.00,3.2265,
1/31/2014,31.00,1.00,2014.00,3.197,
2/3/2014,3.00,2.00,2014.00,3.1835,3.239368421
2/4/2014,4.00,2.00,2014.00,3.192,
2/5/2014,5.00,2.00,2014.00,3.1885,
2/6/2014,6.00,2.00,2014.00,3.229,
2/7/2014,7.00,2.00,2014.00,3.236,
2/10/2014,10.00,2.00,2014.00,3.2245,
2/11/2014,11.00,2.00,2014.00,3.215,
2/12/2014,12.00,2.00,2014.00,3.256,
2/13/2014,13.00,2.00,2014.00,3.25,
2/14/2014,14.00,2.00,2014.00,3.2645,
2/18/2014,18.00,2.00,2014.00,3.2855,
2/19/2014,19.00,2.00,2014.00,3.2855,
2/20/2014,20.00,2.00,2014.00,3.279,
2/21/2014,21.00,2.00,2014.00,3.291,
2/24/2014,24.00,2.00,2014.00,3.27,
2/25/2014,25.00,2.00,2014.00,3.2522,
2/26/2014,26.00,2.00,2014.00,3.2329,
2/27/2014,27.00,2.00,2014.00,3.2152,
2/28/2014,28.00,2.00,2014.00,3.1977,
3/3/2014,3.00,3.00,2014.00,3.172,3.0126
3/4/2014,4.00,3.00,2014.00,3.2145,
3/6/2014,6.00,3.00,2014.00,3.218,
3/7/2014,7.00,3.00,2014.00,3.0825,
3/10/2014,10.00,3.00,2014.00,3.0315,
3/11/2014,11.00,3.00,2014.00,2.952,
3/12/2014,12.00,3.00,2014.00,2.962,
3/13/2014,13.00,3.00,2014.00,2.923,
3/14/2014,14.00,3.00,2014.00,2.9505,
3/17/2014,17.00,3.00,2014.00,2.952,
3/18/2014,18.00,3.00,2014.00,2.9515,
3/19/2014,19.00,3.00,2014.00,2.987,
3/20/2014,20.00,3.00,2014.00,2.9285,
3/21/2014,21.00,3.00,2014.00,2.9505,
3/24/2014,24.00,3.00,2014.00,2.9455,
3/25/2014,25.00,3.00,2014.00,3.0055,
3/26/2014,26.00,3.00,2014.00,2.9655,
3/27/2014,27.00,3.00,2014.00,2.993,
3/28/2014,28.00,3.00,2014.00,3.0415,
3/31/2014,31.00,3.00,2014.00,3.0255,
4/1/2014,1.00,4.00,2014.00,3.0345,3.049861905
4/2/2014,2.00,4.00,2014.00,3.0455,
4/3/2014,3.00,4.00,2014.00,3.027,
4/4/2014,4.00,4.00,2014.00,3.0225,
4/7/2014,7.00,4.00,2014.00,3.0395,
4/8/2014,8.00,4.00,2014.00,3.051,
4/9/2014,9.00,4.00,2014.00,3.037,
4/10/2014,10.00,4.00,2014.00,3.045,
4/11/2014,11.00,4.00,2014.00,3.0415,
4/14/2014,14.00,4.00,2014.00,3.0475,
4/15/2014,15.00,4.00,2014.00,2.9875,
4/16/2014,16.00,4.00,2014.00,3.0255,
4/17/2014,17.00,4.00,2014.00,3.045,
4/21/2014,21.00,4.00,2014.00,3.043,
4/22/2014,22.00,4.00,2014.00,3.0535,
4/23/2014,23.00,4.00,2014.00,3.059,
4/24/2014,24.00,4.00,2014.00,3.1205,
4/25/2014,25.00,4.00,2014.00,3.1182,
4/28/2014,28.00,4.00,2014.00,3.1032,
4/29/2014,29.00,4.00,2014.00,3.0728,
4/30/2014,30.00,4.00,2014.00,3.0279,
5/1/2014,1.00,5.00,2014.00,3.0215,3.118095238
5/2/2014,2.00,5.00,2014.00,3.07,
5/5/2014,5.00,5.00,2014.00,3.0535,
5/6/2014,6.00,5.00,2014.00,3.057,
5/7/2014,7.00,5.00,2014.00,3.0325,
5/8/2014,8.00,5.00,2014.00,3.0625,
5/9/2014,9.00,5.00,2014.00,3.083,
5/12/2014,12.00,5.00,2014.00,3.1495,
5/13/2014,13.00,5.00,2014.00,3.1355,
5/14/2014,14.00,5.00,2014.00,3.16,
5/15/2014,15.00,5.00,2014.00,3.1445,
5/16/2014,16.00,5.00,2014.00,3.147,
5/19/2014,19.00,5.00,2014.00,3.167,
5/20/2014,20.00,5.00,2014.00,3.145,
5/21/2014,21.00,5.00,2014.00,3.123,
5/22/2014,22.00,5.00,2014.00,3.142,
5/23/2014,23.00,5.00,2014.00,3.1675,
5/27/2014,27.00,5.00,2014.00,3.1775,
5/28/2014,28.00,5.00,2014.00,3.1735,
5/29/2014,29.00,5.00,2014.00,3.1445,
5/30/2014,30.00,5.00,2014.00,3.1235,
6/2/2014,2.00,6.00,2014.00,3.1705,3.099580952
6/3/2014,3.00,6.00,2014.00,3.137,
6/4/2014,4.00,6.00,2014.00,3.093,
6/5/2014,5.00,6.00,2014.00,3.0905,
6/6/2014,6.00,6.00,2014.00,3.051,
6/9/2014,9.00,6.00,2014.00,3.0435,
6/10/2014,10.00,6.00,2014.00,3.053,
6/11/2014,11.00,6.00,2014.00,3.0405,
6/12/2014,12.00,6.00,2014.00,3.0155,
6/13/2014,13.00,6.00,2014.00,3.0295,
6/16/2014,16.00,6.00,2014.00,3.05,
6/17/2014,17.00,6.00,2014.00,3.061,
6/18/2014,18.00,6.00,2014.00,3.06,
6/19/2014,19.00,6.00,2014.00,3.0785,
6/20/2014,20.00,6.00,2014.00,3.1215,
6/23/2014,23.00,6.00,2014.00,3.1495,
6/24/2014,24.00,6.00,2014.00,3.151,
6/25/2014,25.00,6.00,2014.00,3.1668,
6/26/2014,26.00,6.00,2014.00,3.1681,
6/27/2014,27.00,6.00,2014.00,3.1604,
6/30/2014,30.00,6.00,2014.00,3.2004,
7/1/2014,1.00,7.00,2014.00,3.204,3.237477273
7/2/2014,2.00,7.00,2014.00,3.265,
7/3/2014,3.00,7.00,2014.00,3.2795,
7/7/2014,7.00,7.00,2014.00,3.261,
7/8/2014,8.00,7.00,2014.00,3.257,
7/9/2014,9.00,7.00,2014.00,3.248,
7/10/2014,10.00,7.00,2014.00,3.267,
7/11/2014,11.00,7.00,2014.00,3.269,
7/14/2014,14.00,7.00,2014.00,3.249,
7/15/2014,15.00,7.00,2014.00,3.2495,
7/16/2014,16.00,7.00,2014.00,3.2145,
7/17/2014,17.00,7.00,2014.00,3.2205,
7/18/2014,18.00,7.00,2014.00,3.1845,
7/21/2014,21.00,7.00,2014.00,3.199,
7/22/2014,22.00,7.00,2014.00,3.208,
7/23/2014,23.00,7.00,2014.00,3.207,
7/24/2014,24.00,7.00,2014.00,3.2665,
7/25/2014,25.00,7.00,2014.00,3.2405,
7/28/2014,28.00,7.00,2014.00,3.2435,
7/29/2014,29.00,7.00,2014.00,3.219,
7/30/2014,30.00,7.00,2014.00,3.2415,
7/31/2014,31.00,7.00,2014.00,3.231,
8/1/2014,1.00,8.00,2014.00,3.2145,3.16477619
8/4/2014,4.00,8.00,2014.00,3.244,
8/5/2014,5.00,8.00,2014.00,3.2045,
8/6/2014,6.00,8.00,2014.00,3.166,
8/7/2014,7.00,8.00,2014.00,3.176,
8/8/2014,8.00,8.00,2014.00,3.1735,
8/11/2014,11.00,8.00,2014.00,3.1745,
8/12/2014,12.00,8.00,2014.00,3.1545,
8/13/2014,13.00,8.00,2014.00,3.112,
8/14/2014,14.00,8.00,2014.00,3.091,
8/15/2014,15.00,8.00,2014.00,3.103,
8/18/2014,18.00,8.00,2014.00,3.109,
8/19/2014,19.00,8.00,2014.00,3.0885,
8/20/2014,20.00,8.00,2014.00,3.177,
8/21/2014,21.00,8.00,2014.00,3.176,
8/22/2014,22.00,8.00,2014.00,3.2045,
8/25/2014,25.00,8.00,2014.00,3.218,
8/26/2014,26.00,8.00,2014.00,3.1913,
8/27/2014,27.00,8.00,2014.00,3.1862,
8/28/2014,28.00,8.00,2014.00,3.1409,
8/29/2014,29.00,8.00,2014.00,3.1554,
9/2/2014,2.00,9.00,2014.00,3.155,3.096166667
9/3/2014,3.00,9.00,2014.00,3.127,
9/4/2014,4.00,9.00,2014.00,3.151,
9/5/2014,5.00,9.00,2014.00,3.1695,
9/8/2014,8.00,9.00,2014.00,3.1685,
9/9/2014,9.00,9.00,2014.00,3.102,
9/10/2014,10.00,9.00,2014.00,3.1105,
9/11/2014,11.00,9.00,2014.00,3.0925,
9/12/2014,12.00,9.00,2014.00,3.1065,
9/15/2014,15.00,9.00,2014.00,3.0855,
9/16/2014,16.00,9.00,2014.00,3.166,
9/17/2014,17.00,9.00,2014.00,3.1435,
9/18/2014,18.00,9.00,2014.00,3.094,
9/19/2014,19.00,9.00,2014.00,3.0915,
9/22/2014,22.00,9.00,2014.00,3.0385,
9/23/2014,23.00,9.00,2014.00,3.035,
9/24/2014,24.00,9.00,2014.00,3.0535,
9/25/2014,25.00,9.00,2014.00,3.03,
9/26/2014,26.00,9.00,2014.00,3.0355,
9/29/2014,29.00,9.00,2014.00,3.0565,
9/30/2014,30.00,9.00,2014.00,3.0075,
10/1/2014,1.00,10.00,2014.00,3.036,3.034173913
10/2/2014,2.00,10.00,2014.00,2.9985,
10/3/2014,3.00,10.00,2014.00,2.9985,
10/6/2014,6.00,10.00,2014.00,3.0355,
10/7/2014,7.00,10.00,2014.00,3.039,
10/8/2014,8.00,10.00,2014.00,3.0035,
10/9/2014,9.00,10.00,2014.00,3.03,
10/10/2014,10.00,10.00,2014.00,3.035,
10/13/2014,13.00,10.00,2014.00,3.0405,
10/14/2014,14.00,10.00,2014.00,3.09,
10/15/2014,15.00,10.00,2014.00,3.009,
10/16/2014,16.00,10.00,2014.00,2.9815,
10/17/2014,17.00,10.00,2014.00,3.0035,
10/20/2014,20.00,10.00,2014.00,2.988,
10/21/2014,21.00,10.00,2014.00,3.028,
10/22/2014,22.00,10.00,2014.00,3.0175,
10/23/2014,23.00,10.00,2014.00,3.04,
10/24/2014,24.00,10.00,2014.00,3.041,
10/27/2014,27.00,10.00,2014.00,3.064,
10/28/2014,28.00,10.00,2014.00,3.093,
10/29/2014,29.00,10.00,2014.00,3.1045,
10/30/2014,30.00,10.00,2014.00,3.0625,
10/31/2014,31.00,10.00,2014.00,3.047,
11/3/2014,3.00,11.00,2014.00,3.065,3.010163158
11/4/2014,4.00,11.00,2014.00,3.0185,
11/5/2014,5.00,11.00,2014.00,3.0075,
11/6/2014,6.00,11.00,2014.00,3.0175,
11/7/2014,7.00,11.00,2014.00,3.0385,
11/10/2014,10.00,11.00,2014.00,3.02,
11/11/2014,11.00,11.00,2014.00,3.033,
11/12/2014,12.00,11.00,2014.00,3.025,
11/13/2014,13.00,11.00,2014.00,2.9945,
11/14/2014,14.00,11.00,2014.00,3.0465,
11/17/2014,17.00,11.00,2014.00,3.0395,
11/18/2014,18.00,11.00,2014.00,3.002,
11/19/2014,19.00,11.00,2014.00,3.045,
11/20/2014,20.00,11.00,2014.00,3.0195,
11/21/2014,21.00,11.00,2014.00,3.0315,
11/24/2014,24.00,11.00,2014.00,3.0016,
11/25/2014,25.00,11.00,2014.00,2.9636,
11/26/2014,26.00,11.00,2014.00,2.9636,
11/28/2014,28.00,11.00,2014.00,2.8608,
12/1/2014,1.00,12.00,2014.00,2.9205,2.89317619
12/2/2014,2.00,12.00,2014.00,2.909,
12/3/2014,3.00,12.00,2014.00,2.887,
12/4/2014,4.00,12.00,2014.00,2.9265,
12/5/2014,5.00,12.00,2014.00,2.9175,
12/8/2014,8.00,12.00,2014.00,2.9025,
12/9/2014,9.00,12.00,2014.00,2.9395,
12/10/2014,10.00,12.00,2014.00,2.9075,
12/11/2014,11.00,12.00,2014.00,2.936,
12/12/2014,12.00,12.00,2014.00,2.945,
12/15/2014,15.00,12.00,2014.00,2.8925,
12/16/2014,16.00,12.00,2014.00,2.8725,
12/17/2014,17.00,12.00,2014.00,2.8825,
12/18/2014,18.00,12.00,2014.00,2.867,
12/19/2014,19.00,12.00,2014.00,2.902,
12/22/2014,22.00,12.00,2014.00,2.9,
12/23/2014,23.00,12.00,2014.00,2.895,
12/24/2014,24.00,12.00,2014.00,2.8703,
12/26/2014,26.00,12.00,2014.00,2.8266,
12/29/2014,29.00,12.00,2014.00,2.8292,
12/31/2014,31.00,12.00,2014.00,2.8281,
1/2/2015,2.00,1.00,2015.00,2.8175,2.627421053
1/5/2015,5.00,1.00,2015.00,2.766,
1/6/2015,6.00,1.00,2015.00,2.767,
1/7/2015,7.00,1.00,2015.00,2.7585,
1/8/2015,8.00,1.00,2015.00,2.7695,
1/9/2015,9.00,1.00,2015.00,2.7545,
1/12/2015,12.00,1.00,2015.00,2.7255,
1/13/2015,13.00,1.00,2015.00,2.644,
1/14/2015,14.00,1.00,2015.00,2.5055,
1/15/2015,15.00,1.00,2015.00,2.558,
1/16/2015,16.00,1.00,2015.00,2.617,
1/20/2015,20.00,1.00,2015.00,2.594,
1/21/2015,21.00,1.00,2015.00,2.6125,
1/22/2015,22.00,1.00,2015.00,2.5785,
1/23/2015,23.00,1.00,2015.00,2.5015,
1/26/2015,26.00,1.00,2015.00,2.543,
1/27/2015,27.00,1.00,2015.00,2.4625,
1/29/2015,29.00,1.00,2015.00,2.4515,
1/30/2015,30.00,1.00,2015.00,2.4945,
2/2/2015,2.00,2.00,2015.00,2.49,2.601394737
2/3/2015,3.00,2.00,2015.00,2.5815,
2/4/2015,4.00,2.00,2015.00,2.591,
2/5/2015,5.00,2.00,2015.00,2.595,
2/6/2015,6.00,2.00,2015.00,2.5855,
2/9/2015,9.00,2.00,2015.00,2.5805,
2/10/2015,10.00,2.00,2015.00,2.5515,
2/11/2015,11.00,2.00,2015.00,2.541,
2/12/2015,12.00,2.00,2015.00,2.602,
2/13/2015,13.00,2.00,2015.00,2.605,
2/17/2015,17.00,2.00,2015.00,2.5815,
2/18/2015,18.00,2.00,2015.00,2.6145,
2/19/2015,19.00,2.00,2015.00,2.62,
2/20/2015,20.00,2.00,2015.00,2.5945,
2/23/2015,23.00,2.00,2015.00,2.5925,
2/24/2015,24.00,2.00,2015.00,2.6463,
2/25/2015,25.00,2.00,2015.00,2.6555,
2/26/2015,26.00,2.00,2015.00,2.7023,
2/27/2015,27.00,2.00,2015.00,2.6964,
3/2/2015,2.00,3.00,2015.00,2.6975,2.694272727
3/3/2015,3.00,3.00,2015.00,2.6565,
3/4/2015,4.00,3.00,2015.00,2.6595,
3/5/2015,5.00,3.00,2015.00,2.6525,
3/6/2015,6.00,3.00,2015.00,2.609,
3/9/2015,9.00,3.00,2015.00,2.6705,
3/10/2015,10.00,3.00,2015.00,2.624,
3/11/2015,11.00,3.00,2015.00,2.606,
3/12/2015,12.00,3.00,2015.00,2.6585,
3/13/2015,13.00,3.00,2015.00,2.6635,
3/16/2015,16.00,3.00,2015.00,2.6675,
3/17/2015,17.00,3.00,2015.00,2.633,
3/18/2015,18.00,3.00,2015.00,2.5705,
3/19/2015,19.00,3.00,2015.00,2.66,
3/20/2015,20.00,3.00,2015.00,2.761,
3/23/2015,23.00,3.00,2015.00,2.7895,
3/24/2015,24.00,3.00,2015.00,2.803,
3/25/2015,25.00,3.00,2015.00,2.792,
3/26/2015,26.00,3.00,2015.00,2.811,
3/27/2015,27.00,3.00,2015.00,2.7675,
3/30/2015,30.00,3.00,2015.00,2.7815,
3/31/2015,31.00,3.00,2015.00,2.74,
4/1/2015,1.00,4.00,2015.00,2.7485,2.743638095
4/2/2015,2.00,4.00,2015.00,2.734,
4/6/2015,6.00,4.00,2015.00,2.717,
4/7/2015,7.00,4.00,2015.00,2.763,
4/8/2015,8.00,4.00,2015.00,2.7315,
4/9/2015,9.00,4.00,2015.00,2.729,
4/10/2015,10.00,4.00,2015.00,2.734,
4/13/2015,13.00,4.00,2015.00,2.719,
4/14/2015,14.00,4.00,2015.00,2.7,
4/15/2015,15.00,4.00,2015.00,2.7125,
4/16/2015,16.00,4.00,2015.00,2.774,
4/17/2015,17.00,4.00,2015.00,2.774,
4/20/2015,20.00,4.00,2015.00,2.7325,
4/21/2015,21.00,4.00,2015.00,2.702,
4/22/2015,22.00,4.00,2015.00,2.6655,
4/23/2015,23.00,4.00,2015.00,2.694,
4/24/2015,24.00,4.00,2015.00,2.748,
4/27/2015,27.00,4.00,2015.00,2.7714,
4/28/2015,28.00,4.00,2015.00,2.7826,
4/29/2015,29.00,4.00,2015.00,2.7974,
4/30/2015,30.00,4.00,2015.00,2.8865,
5/1/2015,1.00,5.00,2015.00,2.9295,2.871775
5/4/2015,4.00,5.00,2015.00,2.9205,
5/5/2015,5.00,5.00,2015.00,2.935,
5/6/2015,6.00,5.00,2015.00,2.926,
5/7/2015,7.00,5.00,2015.00,2.918,
5/8/2015,8.00,5.00,2015.00,2.9205,
5/11/2015,11.00,5.00,2015.00,2.903,
5/12/2015,12.00,5.00,2015.00,2.9315,
5/13/2015,13.00,5.00,2015.00,2.929,
5/14/2015,14.00,5.00,2015.00,2.9235,
5/15/2015,15.00,5.00,2015.00,2.9245,
5/18/2015,18.00,5.00,2015.00,2.9065,
5/19/2015,19.00,5.00,2015.00,2.8375,
5/20/2015,20.00,5.00,2015.00,2.829,
5/21/2015,21.00,5.00,2015.00,2.8485,
5/22/2015,22.00,5.00,2015.00,2.811,
5/26/2015,26.00,5.00,2015.00,2.778,
5/27/2015,27.00,5.00,2015.00,2.7685,
5/28/2015,28.00,5.00,2015.00,2.7675,
5/29/2015,29.00,5.00,2015.00,2.728,
6/1/2015,1.00,6.00,2015.00,2.72,2.655813636
6/2/2015,2.00,6.00,2015.00,2.736,
6/3/2015,3.00,6.00,2015.00,2.7265,
6/4/2015,4.00,6.00,2015.00,2.687,
6/5/2015,5.00,6.00,2015.00,2.6925,
6/8/2015,8.00,6.00,2015.00,2.6965,
6/9/2015,9.00,6.00,2015.00,2.714,
6/10/2015,10.00,6.00,2015.00,2.747,
6/11/2015,11.00,6.00,2015.00,2.669,
6/12/2015,12.00,6.00,2015.00,2.678,
6/15/2015,15.00,6.00,2015.00,2.647,
6/16/2015,16.00,6.00,2015.00,2.6155,
6/17/2015,17.00,6.00,2015.00,2.604,
6/18/2015,18.00,6.00,2015.00,2.606,
6/19/2015,19.00,6.00,2015.00,2.569,
6/22/2015,22.00,6.00,2015.00,2.567,
6/23/2015,23.00,6.00,2015.00,2.613,
6/24/2015,24.00,6.00,2015.00,2.6245,
6/25/2015,25.00,6.00,2015.00,2.6223,
6/26/2015,26.00,6.00,2015.00,2.6409,
6/29/2015,29.00,6.00,2015.00,2.6355,
6/30/2015,30.00,6.00,2015.00,2.6167,
7/1/2015,1.00,7.00,2015.00,2.6305,2.477636364
7/2/2015,2.00,7.00,2015.00,2.631,
7/6/2015,6.00,7.00,2015.00,2.538,
7/7/2015,7.00,7.00,2015.00,2.4465,
7/8/2015,8.00,7.00,2015.00,2.497,
7/9/2015,9.00,7.00,2015.00,2.5515,
7/10/2015,10.00,7.00,2015.00,2.5375,
7/13/2015,13.00,7.00,2015.00,2.5445,
7/14/2015,14.00,7.00,2015.00,2.535,
7/15/2015,15.00,7.00,2015.00,2.5215,
7/16/2015,16.00,7.00,2015.00,2.523,
7/17/2015,17.00,7.00,2015.00,2.496,
7/20/2015,20.00,7.00,2015.00,2.4815,
7/21/2015,21.00,7.00,2015.00,2.4745,
7/22/2015,22.00,7.00,2015.00,2.428,
7/23/2015,23.00,7.00,2015.00,2.3855,
7/24/2015,24.00,7.00,2015.00,2.3825,
7/27/2015,27.00,7.00,2015.00,2.3535,
7/28/2015,28.00,7.00,2015.00,2.4025,
7/29/2015,29.00,7.00,2015.00,2.4075,
7/30/2015,30.00,7.00,2015.00,2.377,
7/31/2015,31.00,7.00,2015.00,2.3635,
8/3/2015,3.00,8.00,2015.00,2.346,2.3265
8/4/2015,4.00,8.00,2015.00,2.362,
8/5/2015,5.00,8.00,2015.00,2.3485,
8/6/2015,6.00,8.00,2015.00,2.341,
8/7/2015,7.00,8.00,2015.00,2.3325,
8/10/2015,10.00,8.00,2015.00,2.4,
8/11/2015,11.00,8.00,2015.00,2.3315,
8/12/2015,12.00,8.00,2015.00,2.35,
8/13/2015,13.00,8.00,2015.00,2.353,
8/14/2015,14.00,8.00,2015.00,2.3515,
8/17/2015,17.00,8.00,2015.00,2.321,
8/18/2015,18.00,8.00,2015.00,2.287,
8/19/2015,19.00,8.00,2015.00,2.276,
8/20/2015,20.00,8.00,2015.00,2.3195,
8/21/2015,21.00,8.00,2015.00,2.3035,
8/24/2015,24.00,8.00,2015.00,2.259,
8/25/2015,25.00,8.00,2015.00,2.3135,
8/26/2015,26.00,8.00,2015.00,2.2454,
8/27/2015,27.00,8.00,2015.00,2.3318,
8/28/2015,28.00,8.00,2015.00,2.3462,
8/31/2015,31.00,8.00,2015.00,2.3376,
9/1/2015,1.00,9.00,2015.00,2.3015,2.363428571
9/2/2015,2.00,9.00,2015.00,2.3295,
9/3/2015,3.00,9.00,2015.00,2.3845,
9/4/2015,4.00,9.00,2015.00,2.312,
9/8/2015,8.00,9.00,2015.00,2.434,
9/9/2015,9.00,9.00,2015.00,2.4365,
9/10/2015,10.00,9.00,2015.00,2.447,
9/11/2015,11.00,9.00,2015.00,2.4535,
9/14/2015,14.00,9.00,2015.00,2.4055,
9/15/2015,15.00,9.00,2015.00,2.4265,
9/16/2015,16.00,9.00,2015.00,2.452,
9/17/2015,17.00,9.00,2015.00,2.452,
9/18/2015,18.00,9.00,2015.00,2.386,
9/21/2015,21.00,9.00,2015.00,2.3885,
9/22/2015,22.00,9.00,2015.00,2.2975,
9/23/2015,23.00,9.00,2015.00,2.2955,
9/24/2015,24.00,9.00,2015.00,2.3025,
9/25/2015,25.00,9.00,2015.00,2.2835,
9/28/2015,28.00,9.00,2015.00,2.2515,
9/29/2015,29.00,9.00,2015.00,2.2515,
9/30/2015,30.00,9.00,2015.00,2.341,
10/1/2015,1.00,10.00,2015.00,2.3045,2.366204545
10/2/2015,2.00,10.00,2015.00,2.3255,
10/5/2015,5.00,10.00,2015.00,2.3555,
10/6/2015,6.00,10.00,2015.00,2.355,
10/7/2015,7.00,10.00,2015.00,2.367,
10/8/2015,8.00,10.00,2015.00,2.343,
10/9/2015,9.00,10.00,2015.00,2.414,
10/12/2015,12.00,10.00,2015.00,2.4155,
10/13/2015,13.00,10.00,2015.00,2.3875,
10/14/2015,14.00,10.00,2015.00,2.4155,
10/15/2015,15.00,10.00,2015.00,2.423,
10/16/2015,16.00,10.00,2015.00,2.4035,
10/19/2015,19.00,10.00,2015.00,2.3675,
10/20/2015,20.00,10.00,2015.00,2.3655,
10/21/2015,21.00,10.00,2015.00,2.3605,
10/22/2015,22.00,10.00,2015.00,2.3835,
10/23/2015,23.00,10.00,2015.00,2.35,
10/26/2015,26.00,10.00,2015.00,2.357,
10/27/2015,27.00,10.00,2015.00,2.362,
10/28/2015,28.00,10.00,2015.00,2.3625,
10/29/2015,29.00,10.00,2015.00,2.321,
10/30/2015,30.00,10.00,2015.00,2.3175,
11/2/2015,2.00,11.00,2015.00,2.319,2.15637
11/3/2015,3.00,11.00,2015.00,2.3305,
11/4/2015,4.00,11.00,2015.00,2.3225,
11/5/2015,5.00,11.00,2015.00,2.255,
11/6/2015,6.00,11.00,2015.00,2.242,
11/9/2015,9.00,11.00,2015.00,2.23,
11/10/2015,10.00,11.00,2015.00,2.2175,
11/11/2015,11.00,11.00,2015.00,2.218,
11/12/2015,12.00,11.00,2015.00,2.1725,
11/13/2015,13.00,11.00,2015.00,2.168,
11/16/2015,16.00,11.00,2015.00,2.1155,
11/17/2015,17.00,11.00,2015.00,2.104,
11/18/2015,18.00,11.00,2015.00,2.078,
11/19/2015,19.00,11.00,2015.00,2.0765,
11/20/2015,20.00,11.00,2015.00,2.055,
11/23/2015,23.00,11.00,2015.00,2.021,
11/24/2015,24.00,11.00,2015.00,2.056,
11/25/2015,25.00,11.00,2015.00,2.0478,
11/27/2015,27.00,11.00,2015.00,2.0529,
11/30/2015,30.00,11.00,2015.00,2.0457,
12/1/2015,1.00,12.00,2015.00,2.0695,2.086018182
12/2/2015,2.00,12.00,2015.00,2.0315,
12/3/2015,3.00,12.00,2015.00,2.0595,
12/4/2015,4.00,12.00,2015.00,2.076,
12/7/2015,7.00,12.00,2015.00,2.047,
12/8/2015,8.00,12.00,2015.00,2.05,
12/9/2015,9.00,12.00,2015.00,2.062,
12/10/2015,10.00,12.00,2015.00,2.0685,
12/11/2015,11.00,12.00,2015.00,2.1125,
12/14/2015,14.00,12.00,2015.00,2.1065,
12/15/2015,15.00,12.00,2015.00,2.052,
12/16/2015,16.00,12.00,2015.00,2.066,
12/17/2015,17.00,12.00,2015.00,2.0385,
12/18/2015,18.00,12.00,2015.00,2.108,
12/21/2015,21.00,12.00,2015.00,2.1335,
12/22/2015,22.00,12.00,2015.00,2.1015,
12/23/2015,23.00,12.00,2015.00,2.116,
12/24/2015,24.00,12.00,2015.00,2.1155,
12/28/2015,28.00,12.00,2015.00,2.0718,
12/29/2015,29.00,12.00,2015.00,2.1308,
12/30/2015,30.00,12.00,2015.00,2.1427,
12/31/2015,31.00,12.00,2015.00,2.1331,
1/4/2016,4.00,1.00,2016.00,2.0795,2.014105263
1/5/2016,5.00,1.00,2016.00,2.0955,
1/6/2016,6.00,1.00,2016.00,2.088,
1/7/2016,7.00,1.00,2016.00,2.022,
1/8/2016,8.00,1.00,2016.00,2.022,
1/11/2016,11.00,1.00,2016.00,1.9725,
1/12/2016,12.00,1.00,2016.00,1.959,
1/13/2016,13.00,1.00,2016.00,1.956,
1/14/2016,14.00,1.00,2016.00,1.976,
1/15/2016,15.00,1.00,2016.00,1.9435,
1/19/2016,19.00,1.00,2016.00,1.9775,
1/20/2016,20.00,1.00,2016.00,1.9595,
1/21/2016,21.00,1.00,2016.00,1.9965,
1/22/2016,22.00,1.00,2016.00,2.0025,
1/25/2016,25.00,1.00,2016.00,1.998,
1/26/2016,26.00,1.00,2016.00,2.0375,
1/27/2016,27.00,1.00,2016.00,2.064,
1/28/2016,28.00,1.00,2016.00,2.0515,
1/29/2016,29.00,1.00,2016.00,2.067,
2/1/2016,1.00,2.00,2016.00,2.0555,2.077475
2/2/2016,2.00,2.00,2016.00,2.055,
2/3/2016,3.00,2.00,2016.00,2.095,
2/4/2016,4.00,2.00,2016.00,2.1315,
2/5/2016,5.00,2.00,2016.00,2.103,
2/8/2016,8.00,2.00,2016.00,2.0905,
2/9/2016,9.00,2.00,2016.00,2.0395,
2/10/2016,10.00,2.00,2016.00,2.027,
2/11/2016,11.00,2.00,2016.00,2.0065,
2/12/2016,12.00,2.00,2016.00,2.029,
2/16/2016,16.00,2.00,2016.00,2.051,
2/17/2016,17.00,2.00,2016.00,2.0755,
2/18/2016,18.00,2.00,2016.00,2.0735,
2/19/2016,19.00,2.00,2016.00,2.0765,
2/22/2016,22.00,2.00,2016.00,2.115,
2/23/2016,23.00,2.00,2016.00,2.1055,
2/24/2016,24.00,2.00,2016.00,2.097,
2/25/2016,25.00,2.00,2016.00,2.0691,
2/26/2016,26.00,2.00,2016.00,2.1222,
2/29/2016,29.00,2.00,2016.00,2.1317,
3/1/2016,1.00,3.00,2016.00,2.1455,2.235
3/2/2016,2.00,3.00,2016.00,2.181,
3/3/2016,3.00,3.00,2016.00,2.2085,
3/4/2016,4.00,3.00,2016.00,2.2745,
3/7/2016,7.00,3.00,2016.00,2.2835,
3/8/2016,8.00,3.00,2016.00,2.222,
3/9/2016,9.00,3.00,2016.00,2.2325,
3/10/2016,10.00,3.00,2016.00,2.22,
3/11/2016,11.00,3.00,2016.00,2.241,
3/14/2016,14.00,3.00,2016.00,2.2395,
3/15/2016,15.00,3.00,2016.00,2.2335,
3/16/2016,16.00,3.00,2016.00,2.234,
3/17/2016,17.00,3.00,2016.00,2.2925,
3/18/2016,18.00,3.00,2016.00,2.2825,
3/21/2016,21.00,3.00,2016.00,2.2925,
3/22/2016,22.00,3.00,2016.00,2.2895,
3/23/2016,23.00,3.00,2016.00,2.2355,
3/24/2016,24.00,3.00,2016.00,2.229,
3/28/2016,28.00,3.00,2016.00,2.246,
3/29/2016,29.00,3.00,2016.00,2.214,
3/30/2016,30.00,3.00,2016.00,2.19,
3/31/2016,31.00,3.00,2016.00,2.183,
4/1/2016,1.00,4.00,2016.00,2.163,2.183138095
4/4/2016,4.00,4.00,2016.00,2.1405,
4/5/2016,5.00,4.00,2016.00,2.138,
4/6/2016,6.00,4.00,2016.00,2.1435,
4/7/2016,7.00,4.00,2016.00,2.0765,
4/8/2016,8.00,4.00,2016.00,2.087,
4/11/2016,11.00,4.00,2016.00,2.0905,
4/12/2016,12.00,4.00,2016.00,2.147,
4/13/2016,13.00,4.00,2016.00,2.168,
4/14/2016,14.00,4.00,2016.00,2.171,
4/15/2016,15.00,4.00,2016.00,2.153,
4/18/2016,18.00,4.00,2016.00,2.1645,
4/19/2016,19.00,4.00,2016.00,2.2235,
4/20/2016,20.00,4.00,2016.00,2.238,
4/21/2016,21.00,4.00,2016.00,2.251,
4/22/2016,22.00,4.00,2016.00,2.2645,
4/25/2016,25.00,4.00,2016.00,2.2525,
4/26/2016,26.00,4.00,2016.00,2.2429,
4/27/2016,27.00,4.00,2016.00,2.2197,
4/28/2016,28.00,4.00,2016.00,2.2287,
4/29/2016,29.00,4.00,2016.00,2.2826,
5/2/2016,2.00,5.00,2016.00,2.2665,2.111380952
5/3/2016,3.00,5.00,2016.00,2.219,
5/4/2016,4.00,5.00,2016.00,2.1865,
5/5/2016,5.00,5.00,2016.00,2.154,
5/6/2016,6.00,5.00,2016.00,2.154,
5/9/2016,9.00,5.00,2016.00,2.1065,
5/10/2016,10.00,5.00,2016.00,2.0925,
5/11/2016,11.00,5.00,2016.00,2.1035,
5/12/2016,12.00,5.00,2016.00,2.0745,
5/13/2016,13.00,5.00,2016.00,2.074,
5/16/2016,16.00,5.00,2016.00,2.089,
5/17/2016,17.00,5.00,2016.00,2.089,
5/18/2016,18.00,5.00,2016.00,2.0785,
5/19/2016,19.00,5.00,2016.00,2.061,
5/20/2016,20.00,5.00,2016.00,2.0555,
5/23/2016,23.00,5.00,2016.00,2.055,
5/24/2016,24.00,5.00,2016.00,2.0665,
5/25/2016,25.00,5.00,2016.00,2.1015,
5/26/2016,26.00,5.00,2016.00,2.1025,
5/27/2016,27.00,5.00,2016.00,2.114,
5/31/2016,31.00,5.00,2016.00,2.0955,
6/1/2016,1.00,6.00,2016.00,2.073,2.096931818
6/2/2016,2.00,6.00,2016.00,2.07,
6/3/2016,3.00,6.00,2016.00,2.113,
6/6/2016,6.00,6.00,2016.00,2.1175,
6/7/2016,7.00,6.00,2016.00,2.051,
6/8/2016,8.00,6.00,2016.00,2.0615,
6/9/2016,9.00,6.00,2016.00,2.039,
6/10/2016,10.00,6.00,2016.00,2.0305,
6/13/2016,13.00,6.00,2016.00,2.0535,
6/14/2016,14.00,6.00,2016.00,2.0405,
6/15/2016,15.00,6.00,2016.00,2.091,
6/16/2016,16.00,6.00,2016.00,2.048,
6/17/2016,17.00,6.00,2016.00,2.051,
6/20/2016,20.00,6.00,2016.00,2.093,
6/21/2016,21.00,6.00,2016.00,2.116,
6/22/2016,22.00,6.00,2016.00,2.1355,
6/23/2016,23.00,6.00,2016.00,2.1625,
6/24/2016,24.00,6.00,2016.00,2.1105,
6/27/2016,27.00,6.00,2016.00,2.1227,
6/28/2016,28.00,6.00,2016.00,2.1725,
6/29/2016,29.00,6.00,2016.00,2.185,
6/30/2016,30.00,6.00,2016.00,2.1953,
7/1/2016,1.00,7.00,2016.00,2.217,2.208975
7/5/2016,5.00,7.00,2016.00,2.1835,
7/6/2016,6.00,7.00,2016.00,2.1535,
7/7/2016,7.00,7.00,2016.00,2.1235,
7/8/2016,8.00,7.00,2016.00,2.119,
7/11/2016,11.00,7.00,2016.00,2.1475,
7/12/2016,12.00,7.00,2016.00,2.213,
7/13/2016,13.00,7.00,2016.00,2.24,
7/14/2016,14.00,7.00,2016.00,2.243,
7/15/2016,15.00,7.00,2016.00,2.2335,
7/18/2016,18.00,7.00,2016.00,2.237,
7/19/2016,19.00,7.00,2016.00,2.263,
7/20/2016,20.00,7.00,2016.00,2.254,
7/21/2016,21.00,7.00,2016.00,2.2585,
7/22/2016,22.00,7.00,2016.00,2.2355,
7/25/2016,25.00,7.00,2016.00,2.217,
7/26/2016,26.00,7.00,2016.00,2.2255,
7/27/2016,27.00,7.00,2016.00,2.185,
7/28/2016,28.00,7.00,2016.00,2.209,
7/29/2016,29.00,7.00,2016.00,2.2215,
8/1/2016,1.00,8.00,2016.00,2.1995,2.142408696
8/2/2016,2.00,8.00,2016.00,2.209,
8/3/2016,3.00,8.00,2016.00,2.1985,
8/4/2016,4.00,8.00,2016.00,2.174,
8/5/2016,5.00,8.00,2016.00,2.154,
8/8/2016,8.00,8.00,2016.00,2.165,
8/9/2016,9.00,8.00,2016.00,2.15,
8/10/2016,10.00,8.00,2016.00,2.171,
8/11/2016,11.00,8.00,2016.00,2.191,
8/12/2016,12.00,8.00,2016.00,2.14,
8/15/2016,15.00,8.00,2016.00,2.1515,
8/16/2016,16.00,8.00,2016.00,2.172,
8/17/2016,17.00,8.00,2016.00,2.152,
8/18/2016,18.00,8.00,2016.00,2.1675,
8/19/2016,19.00,8.00,2016.00,2.167,
8/22/2016,22.00,8.00,2016.00,2.14,
8/23/2016,23.00,8.00,2016.00,2.115,
8/24/2016,24.00,8.00,2016.00,2.0765,
8/25/2016,25.00,8.00,2016.00,2.0765,
8/26/2016,26.00,8.00,2016.00,2.0797,
8/29/2016,29.00,8.00,2016.00,2.0763,
8/30/2016,30.00,8.00,2016.00,2.0735,
8/31/2016,31.00,8.00,2016.00,2.0759,
9/1/2016,1.00,9.00,2016.00,2.0755,2.144666667
9/2/2016,2.00,9.00,2016.00,2.078,
9/6/2016,6.00,9.00,2016.00,2.089,
9/7/2016,7.00,9.00,2016.00,2.0975,
9/8/2016,8.00,9.00,2016.00,2.1,
9/9/2016,9.00,9.00,2016.00,2.0925,
9/12/2016,12.00,9.00,2016.00,2.1,
9/13/2016,13.00,9.00,2016.00,2.1015,
9/14/2016,14.00,9.00,2016.00,2.155,
9/15/2016,15.00,9.00,2016.00,2.1595,
9/16/2016,16.00,9.00,2016.00,2.16,
9/19/2016,19.00,9.00,2016.00,2.1565,
9/20/2016,20.00,9.00,2016.00,2.165,
9/21/2016,21.00,9.00,2016.00,2.155,
9/22/2016,22.00,9.00,2016.00,2.1945,
9/23/2016,23.00,9.00,2016.00,2.201,
9/26/2016,26.00,9.00,2016.00,2.1985,
9/27/2016,27.00,9.00,2016.00,2.171,
9/28/2016,28.00,9.00,2016.00,2.1875,
9/29/2016,29.00,9.00,2016.00,2.19,
9/30/2016,30.00,9.00,2016.00,2.2105,
10/3/2016,3.00,10.00,2016.00,2.192,2.146380952
10/4/2016,4.00,10.00,2016.00,2.167,
10/5/2016,5.00,10.00,2016.00,2.1645,
10/6/2016,6.00,10.00,2016.00,2.1555,
10/7/2016,7.00,10.00,2016.00,2.1635,
10/10/2016,10.00,10.00,2016.00,2.1975,
10/11/2016,11.00,10.00,2016.00,2.1855,
10/12/2016,12.00,10.00,2016.00,2.1765,
10/13/2016,13.00,10.00,2016.00,2.122,
10/14/2016,14.00,10.00,2016.00,2.1105,
10/17/2016,17.00,10.00,2016.00,2.107,
10/18/2016,18.00,10.00,2016.00,2.1055,
10/19/2016,19.00,10.00,2016.00,2.1035,
10/20/2016,20.00,10.00,2016.00,2.096,
10/21/2016,21.00,10.00,2016.00,2.0885,
10/24/2016,24.00,10.00,2016.00,2.093,
10/25/2016,25.00,10.00,2016.00,2.1385,
10/26/2016,26.00,10.00,2016.00,2.1455,
10/27/2016,27.00,10.00,2016.00,2.1635,
10/28/2016,28.00,10.00,2016.00,2.1935,
10/31/2016,31.00,10.00,2016.00,2.205,
11/1/2016,1.00,11.00,2016.00,2.229,2.46917619
11/2/2016,2.00,11.00,2016.00,2.2305,
11/3/2016,3.00,11.00,2016.00,2.249,
11/4/2016,4.00,11.00,2016.00,2.265,
11/7/2016,7.00,11.00,2016.00,2.3095,
11/8/2016,8.00,11.00,2016.00,2.38,
11/9/2016,9.00,11.00,2016.00,2.4595,
11/10/2016,10.00,11.00,2016.00,2.551,
11/11/2016,11.00,11.00,2016.00,2.509,
11/14/2016,14.00,11.00,2016.00,2.521,
11/15/2016,15.00,11.00,2016.00,2.505,
11/16/2016,16.00,11.00,2016.00,2.4675,
11/17/2016,17.00,11.00,2016.00,2.491,
11/18/2016,18.00,11.00,2016.00,2.4675,
11/21/2016,21.00,11.00,2016.00,2.515,
11/22/2016,22.00,11.00,2016.00,2.5445,
11/23/2016,23.00,11.00,2016.00,2.6075,
11/25/2016,25.00,11.00,2016.00,2.669,
11/28/2016,28.00,11.00,2016.00,2.6583,
11/29/2016,29.00,11.00,2016.00,2.5992,
11/30/2016,30.00,11.00,2016.00,2.6247,
12/1/2016,1.00,12.00,2016.00,2.635,2.567861905
12/2/2016,2.00,12.00,2016.00,2.6185,
12/5/2016,5.00,12.00,2016.00,2.6915,
12/6/2016,6.00,12.00,2016.00,2.6745,
12/7/2016,7.00,12.00,2016.00,2.6395,
12/8/2016,8.00,12.00,2016.00,2.6215,
12/9/2016,9.00,12.00,2016.00,2.643,
12/12/2016,12.00,12.00,2016.00,2.6135,
12/13/2016,13.00,12.00,2016.00,2.593,
12/14/2016,14.00,12.00,2016.00,2.5995,
12/15/2016,15.00,12.00,2016.00,2.595,
12/16/2016,16.00,12.00,2016.00,2.559,
12/19/2016,19.00,12.00,2016.00,2.4935,
12/20/2016,20.00,12.00,2016.00,2.4975,
12/21/2016,21.00,12.00,2016.00,2.4915,
12/22/2016,22.00,12.00,2016.00,2.4925,
12/23/2016,23.00,12.00,2016.00,2.4725,
12/27/2016,27.00,12.00,2016.00,2.5095,
12/28/2016,28.00,12.00,2016.00,2.4963,
12/29/2016,29.00,12.00,2016.00,2.4844,
12/30/2016,30.00,12.00,2016.00,2.5039,
1/3/2017,3.00,1.00,2017.00,2.489,2.627
1/4/2017,4.00,1.00,2017.00,2.5565,
1/5/2017,5.00,1.00,2017.00,2.5375,
1/6/2017,6.00,1.00,2017.00,2.546,
1/9/2017,9.00,1.00,2017.00,2.5385,
1/10/2017,10.00,1.00,2017.00,2.6125,
1/11/2017,11.00,1.00,2017.00,2.6105,
1/12/2017,12.00,1.00,2017.00,2.6715,
1/13/2017,13.00,1.00,2017.00,2.69,
1/17/2017,17.00,1.00,2017.00,2.625,
1/18/2017,18.00,1.00,2017.00,2.6165,
1/19/2017,19.00,1.00,2017.00,2.6105,
1/20/2017,20.00,1.00,2017.00,2.625,
1/23/2017,23.00,1.00,2017.00,2.6475,
1/24/2017,24.00,1.00,2017.00,2.7085,
1/25/2017,25.00,1.00,2017.00,2.71,
1/26/2017,26.00,1.00,2017.00,2.673,
1/27/2017,27.00,1.00,2017.00,2.6895,
1/30/2017,30.00,1.00,2017.00,2.655,
1/31/2017,31.00,1.00,2017.00,2.7275,
2/1/2017,1.00,2.00,2017.00,2.7115,2.699357895
2/2/2017,2.00,2.00,2017.00,2.6855,
2/3/2017,3.00,2.00,2017.00,2.616,
2/6/2017,6.00,2.00,2017.00,2.6515,
2/7/2017,7.00,2.00,2017.00,2.632,
2/8/2017,8.00,2.00,2017.00,2.6665,
2/9/2017,9.00,2.00,2017.00,2.6535,
2/10/2017,10.00,2.00,2017.00,2.768,
2/13/2017,13.00,2.00,2017.00,2.783,
2/14/2017,14.00,2.00,2017.00,2.737,
2/15/2017,15.00,2.00,2017.00,2.7405,
2/16/2017,16.00,2.00,2017.00,2.7185,
2/17/2017,17.00,2.00,2017.00,2.707,
2/21/2017,21.00,2.00,2017.00,2.7455,
2/22/2017,22.00,2.00,2017.00,2.733,
2/23/2017,23.00,2.00,2017.00,2.6466,
2/24/2017,24.00,2.00,2017.00,2.6864,
2/27/2017,27.00,2.00,2017.00,2.6938,
2/28/2017,28.00,2.00,2017.00,2.712,
3/1/2017,1.00,3.00,2017.00,2.736,2.65026087
3/2/2017,2.00,3.00,2017.00,2.6905,
3/3/2017,3.00,3.00,2017.00,2.6965,
3/6/2017,6.00,3.00,2017.00,2.652,
3/7/2017,7.00,3.00,2017.00,2.6185,
3/8/2017,8.00,3.00,2017.00,2.6005,
3/9/2017,9.00,3.00,2017.00,2.58,
3/10/2017,10.00,3.00,2017.00,2.595,
3/13/2017,13.00,3.00,2017.00,2.6255,
3/14/2017,14.00,3.00,2017.00,2.635,
3/15/2017,15.00,3.00,2017.00,2.6565,
3/16/2017,16.00,3.00,2017.00,2.6775,
3/17/2017,17.00,3.00,2017.00,2.6915,
3/20/2017,20.00,3.00,2017.00,2.667,
3/21/2017,21.00,3.00,2017.00,2.6185,
3/22/2017,22.00,3.00,2017.00,2.6305,
3/23/2017,23.00,3.00,2017.00,2.6445,
3/24/2017,24.00,3.00,2017.00,2.631,
3/27/2017,27.00,3.00,2017.00,2.632,
3/28/2017,28.00,3.00,2017.00,2.676,
3/29/2017,29.00,3.00,2017.00,2.6775,
3/30/2017,30.00,3.00,2017.00,2.6715,
3/31/2017,31.00,3.00,2017.00,2.6525,
4/3/2017,3.00,4.00,2017.00,2.6035,2.588784211
4/4/2017,4.00,4.00,2017.00,2.612,
4/5/2017,5.00,4.00,2017.00,2.68,
4/6/2017,6.00,4.00,2017.00,2.658,
4/7/2017,7.00,4.00,2017.00,2.647,
4/10/2017,10.00,4.00,2017.00,2.604,
4/11/2017,11.00,4.00,2017.00,2.608,
4/12/2017,12.00,4.00,2017.00,2.545,
4/13/2017,13.00,4.00,2017.00,2.5705,
4/17/2017,17.00,4.00,2017.00,2.596,
4/18/2017,18.00,4.00,2017.00,2.529,
4/19/2017,19.00,4.00,2017.00,2.5345,
4/20/2017,20.00,4.00,2017.00,2.542,
4/21/2017,21.00,4.00,2017.00,2.5375,
4/24/2017,24.00,4.00,2017.00,2.5525,
4/25/2017,25.00,4.00,2017.00,2.581,
4/26/2017,26.00,4.00,2017.00,2.5933,
4/27/2017,27.00,4.00,2017.00,2.5878,
4/28/2017,28.00,4.00,2017.00,2.6053,
5/1/2017,1.00,5.00,2017.00,2.6605,2.555863636
5/2/2017,2.00,5.00,2017.00,2.6355,
5/3/2017,3.00,5.00,2017.00,2.5435,
5/4/2017,4.00,5.00,2017.00,2.5115,
5/5/2017,5.00,5.00,2017.00,2.5285,
5/8/2017,8.00,5.00,2017.00,2.4935,
5/9/2017,9.00,5.00,2017.00,2.498,
5/10/2017,10.00,5.00,2017.00,2.4945,
5/11/2017,11.00,5.00,2017.00,2.508,
5/12/2017,12.00,5.00,2017.00,2.524,
5/15/2017,15.00,5.00,2017.00,2.539,
5/16/2017,16.00,5.00,2017.00,2.5505,
5/17/2017,17.00,5.00,2017.00,2.5465,
5/18/2017,18.00,5.00,2017.00,2.5315,
5/19/2017,19.00,5.00,2017.00,2.5815,
5/22/2017,22.00,5.00,2017.00,2.5955,
5/23/2017,23.00,5.00,2017.00,2.596,
5/24/2017,24.00,5.00,2017.00,2.5835,
5/25/2017,25.00,5.00,2017.00,2.5975,
5/26/2017,26.00,5.00,2017.00,2.566,
5/30/2017,30.00,5.00,2017.00,2.564,
5/31/2017,31.00,5.00,2017.00,2.58,
6/1/2017,1.00,6.00,2017.00,2.5875,2.604645455
6/2/2017,2.00,6.00,2017.00,2.5745,
6/5/2017,5.00,6.00,2017.00,2.5575,
6/6/2017,6.00,6.00,2017.00,2.547,
6/7/2017,7.00,6.00,2017.00,2.5515,
6/8/2017,8.00,6.00,2017.00,2.6095,
6/9/2017,9.00,6.00,2017.00,2.6495,
6/12/2017,12.00,6.00,2017.00,2.6155,
6/13/2017,13.00,6.00,2017.00,2.5965,
6/14/2017,14.00,6.00,2017.00,2.5735,
6/15/2017,15.00,6.00,2017.00,2.5655,
6/16/2017,16.00,6.00,2017.00,2.564,
6/19/2017,19.00,6.00,2017.00,2.5895,
6/20/2017,20.00,6.00,2017.00,2.5545,
6/21/2017,21.00,6.00,2017.00,2.602,
6/22/2017,22.00,6.00,2017.00,2.599,
6/23/2017,23.00,6.00,2017.00,2.624,
6/26/2017,26.00,6.00,2017.00,2.6255,
6/27/2017,27.00,6.00,2017.00,2.6499,
6/28/2017,28.00,6.00,2017.00,2.6667,
6/29/2017,29.00,6.00,2017.00,2.6905,
6/30/2017,30.00,6.00,2017.00,2.7086,
7/3/2017,3.00,7.00,2017.00,2.693,2.736
7/5/2017,5.00,7.00,2017.00,2.66,
7/6/2017,6.00,7.00,2017.00,2.6615,
7/7/2017,7.00,7.00,2017.00,2.647,
7/10/2017,10.00,7.00,2017.00,2.6475,
7/11/2017,11.00,7.00,2017.00,2.672,
7/12/2017,12.00,7.00,2017.00,2.684,
7/13/2017,13.00,7.00,2017.00,2.6615,
7/14/2017,14.00,7.00,2017.00,2.691,
7/17/2017,17.00,7.00,2017.00,2.724,
7/18/2017,18.00,7.00,2017.00,2.7305,
7/19/2017,19.00,7.00,2017.00,2.7105,
7/20/2017,20.00,7.00,2017.00,2.716,
7/21/2017,21.00,7.00,2017.00,2.7225,
7/24/2017,24.00,7.00,2017.00,2.7365,
7/25/2017,25.00,7.00,2017.00,2.8465,
7/26/2017,26.00,7.00,2017.00,2.872,
7/27/2017,27.00,7.00,2017.00,2.8775,
7/28/2017,28.00,7.00,2017.00,2.875,
7/31/2017,31.00,7.00,2017.00,2.8915,
8/1/2017,1.00,8.00,2017.00,2.881,2.9602
8/2/2017,2.00,8.00,2017.00,2.8845,
8/3/2017,3.00,8.00,2017.00,2.878,
8/4/2017,4.00,8.00,2017.00,2.885,
8/7/2017,7.00,8.00,2017.00,2.907,
8/8/2017,8.00,8.00,2017.00,2.9425,
8/9/2017,9.00,8.00,2017.00,2.927,
8/10/2017,10.00,8.00,2017.00,2.903,
8/11/2017,11.00,8.00,2017.00,2.912,
8/14/2017,14.00,8.00,2017.00,2.9045,
8/15/2017,15.00,8.00,2017.00,2.883,
8/16/2017,16.00,8.00,2017.00,2.9535,
8/17/2017,17.00,8.00,2017.00,2.938,
8/18/2017,18.00,8.00,2017.00,2.9395,
8/21/2017,21.00,8.00,2017.00,2.9805,
8/22/2017,22.00,8.00,2017.00,2.987,
8/23/2017,23.00,8.00,2017.00,2.9805,
8/24/2017,24.00,8.00,2017.00,3.034,
8/25/2017,25.00,8.00,2017.00,3.0335,
8/28/2017,28.00,8.00,2017.00,3.0676,
8/29/2017,29.00,8.00,2017.00,3.0904,
8/30/2017,30.00,8.00,2017.00,3.078,
8/31/2017,31.00,8.00,2017.00,3.0946,
9/1/2017,1.00,9.00,2017.00,3.118,3.004025
9/5/2017,5.00,9.00,2017.00,3.128,
9/6/2017,6.00,9.00,2017.00,3.1515,
9/7/2017,7.00,9.00,2017.00,3.1435,
9/8/2017,8.00,9.00,2017.00,3.0415,
9/11/2017,11.00,9.00,2017.00,3.066,
9/12/2017,12.00,9.00,2017.00,3.036,
9/13/2017,13.00,9.00,2017.00,2.981,
9/14/2017,14.00,9.00,2017.00,2.9575,
9/15/2017,15.00,9.00,2017.00,2.949,
9/18/2017,18.00,9.00,2017.00,2.969,
9/19/2017,19.00,9.00,2017.00,2.9695,
9/20/2017,20.00,9.00,2017.00,2.969,
9/21/2017,21.00,9.00,2017.00,2.9345,
9/22/2017,22.00,9.00,2017.00,2.9445,
9/25/2017,25.00,9.00,2017.00,2.9375,
9/26/2017,26.00,9.00,2017.00,2.919,
9/27/2017,27.00,9.00,2017.00,2.9295,
9/28/2017,28.00,9.00,2017.00,2.981,
9/29/2017,29.00,9.00,2017.00,2.955,
10/2/2017,2.00,10.00,2017.00,2.9555,3.109204545
10/3/2017,3.00,10.00,2017.00,2.9635,
10/4/2017,4.00,10.00,2017.00,2.959,
10/5/2017,5.00,10.00,2017.00,3.0465,
10/6/2017,6.00,10.00,2017.00,3.029,
10/9/2017,9.00,10.00,2017.00,3.031,
10/10/2017,10.00,10.00,2017.00,3.0605,
10/11/2017,11.00,10.00,2017.00,3.0955,
10/12/2017,12.00,10.00,2017.00,3.12,
10/13/2017,13.00,10.00,2017.00,3.1335,
10/16/2017,16.00,10.00,2017.00,3.239,
10/17/2017,17.00,10.00,2017.00,3.1955,
10/18/2017,18.00,10.00,2017.00,3.178,
10/19/2017,19.00,10.00,2017.00,3.1675,
10/20/2017,20.00,10.00,2017.00,3.1655,
10/23/2017,23.00,10.00,2017.00,3.188,
10/24/2017,24.00,10.00,2017.00,3.198,
10/25/2017,25.00,10.00,2017.00,3.183,
10/26/2017,26.00,10.00,2017.00,3.1775,
10/27/2017,27.00,10.00,2017.00,3.1035,
10/30/2017,30.00,10.00,2017.00,3.112,
10/31/2017,31.00,10.00,2017.00,3.101,
11/1/2017,1.00,11.00,2017.00,3.1425,3.099619048
11/2/2017,2.00,11.00,2017.00,3.1435,
11/3/2017,3.00,11.00,2017.00,3.1175,
11/6/2017,6.00,11.00,2017.00,3.1575,
11/7/2017,7.00,11.00,2017.00,3.089,
11/8/2017,8.00,11.00,2017.00,3.0995,
11/9/2017,9.00,11.00,2017.00,3.086,
11/10/2017,10.00,11.00,2017.00,3.076,
11/13/2017,13.00,11.00,2017.00,3.1165,
11/14/2017,14.00,11.00,2017.00,3.065,
11/15/2017,15.00,11.00,2017.00,3.0545,
11/16/2017,16.00,11.00,2017.00,3.048,
11/17/2017,17.00,11.00,2017.00,3.067,
11/20/2017,20.00,11.00,2017.00,3.093,
11/21/2017,21.00,11.00,2017.00,3.1285,
11/22/2017,22.00,11.00,2017.00,3.137,
11/24/2017,24.00,11.00,2017.00,3.169,
11/27/2017,27.00,11.00,2017.00,3.136,
11/28/2017,28.00,11.00,2017.00,3.0755,
11/29/2017,29.00,11.00,2017.00,3.0463,
11/30/2017,30.00,11.00,2017.00,3.0442,
12/1/2017,1.00,12.00,2017.00,3.0745,3.10624
12/4/2017,4.00,12.00,2017.00,3.072,
12/5/2017,5.00,12.00,2017.00,2.9285,
12/6/2017,6.00,12.00,2017.00,2.9445,
12/7/2017,7.00,12.00,2017.00,2.9475,
12/8/2017,8.00,12.00,2017.00,2.9615,
12/11/2017,11.00,12.00,2017.00,2.9945,
12/12/2017,12.00,12.00,2017.00,3.006,
12/13/2017,13.00,12.00,2017.00,3.0355,
12/14/2017,14.00,12.00,2017.00,3.0545,
12/15/2017,15.00,12.00,2017.00,3.116,
12/18/2017,18.00,12.00,2017.00,3.128,
12/19/2017,19.00,12.00,2017.00,3.1335,
12/20/2017,20.00,12.00,2017.00,3.1775,
12/21/2017,21.00,12.00,2017.00,3.1995,
12/22/2017,22.00,12.00,2017.00,3.2195,
12/26/2017,26.00,12.00,2017.00,3.2649,
12/27/2017,27.00,12.00,2017.00,3.2711,
12/28/2017,28.00,12.00,2017.00,3.2995,
12/29/2017,29.00,12.00,2017.00,3.2963,
1/2/2018,2.00,1.00,2018.00,3.278,3.213428571
1/3/2018,3.00,1.00,2018.00,3.2575,
1/4/2018,4.00,1.00,2018.00,3.263,
1/5/2018,5.00,1.00,2018.00,3.2295,
1/8/2018,8.00,1.00,2018.00,3.224,
1/9/2018,9.00,1.00,2018.00,3.216,
1/10/2018,10.00,1.00,2018.00,3.2355,
1/11/2018,11.00,1.00,2018.00,3.233,
1/12/2018,12.00,1.00,2018.00,3.2185,
1/16/2018,16.00,1.00,2018.00,3.2195,
1/17/2018,17.00,1.00,2018.00,3.189,
1/18/2018,18.00,1.00,2018.00,3.199,
1/19/2018,19.00,1.00,2018.00,3.1875,
1/22/2018,22.00,1.00,2018.00,3.1985,
1/23/2018,23.00,1.00,2018.00,3.111,
1/24/2018,24.00,1.00,2018.00,3.2285,
1/25/2018,25.00,1.00,2018.00,3.2165,
1/26/2018,26.00,1.00,2018.00,3.199,
1/29/2018,29.00,1.00,2018.00,3.194,
1/30/2018,30.00,1.00,2018.00,3.189,
1/31/2018,31.00,1.00,2018.00,3.1955,
2/1/2018,1.00,2.00,2018.00,3.209,3.177042105
2/2/2018,2.00,2.00,2018.00,3.1875,
2/5/2018,5.00,2.00,2018.00,3.221,
2/6/2018,6.00,2.00,2018.00,3.189,
2/7/2018,7.00,2.00,2018.00,3.0875,
2/8/2018,8.00,2.00,2018.00,3.082,
2/9/2018,9.00,2.00,2018.00,3.0335,
2/12/2018,12.00,2.00,2018.00,3.0865,
2/13/2018,13.00,2.00,2018.00,3.1625,
2/14/2018,14.00,2.00,2018.00,3.236,
2/15/2018,15.00,2.00,2018.00,3.2455,
2/16/2018,16.00,2.00,2018.00,3.2485,
2/20/2018,20.00,2.00,2018.00,3.1905,
2/21/2018,21.00,2.00,2018.00,3.216,
2/22/2018,22.00,2.00,2018.00,3.2415,
2/23/2018,23.00,2.00,2018.00,3.2166,
2/26/2018,26.00,2.00,2018.00,3.2083,
2/27/2018,27.00,2.00,2018.00,3.1749,
2/28/2018,28.00,2.00,2018.00,3.1275,
3/1/2018,1.00,3.00,2018.00,3.123,3.082404762
3/2/2018,2.00,3.00,2018.00,3.1245,
3/5/2018,5.00,3.00,2018.00,3.128,
3/6/2018,6.00,3.00,2018.00,3.159,
3/7/2018,7.00,3.00,2018.00,3.136,
3/8/2018,8.00,3.00,2018.00,3.079,
3/9/2018,9.00,3.00,2018.00,3.136,
3/12/2018,12.00,3.00,2018.00,3.124,
3/13/2018,13.00,3.00,2018.00,3.138,
3/14/2018,14.00,3.00,2018.00,3.1585,
3/15/2018,15.00,3.00,2018.00,3.1275,
3/16/2018,16.00,3.00,2018.00,3.1075,
3/19/2018,19.00,3.00,2018.00,3.082,
3/20/2018,20.00,3.00,2018.00,3.038,
3/21/2018,21.00,3.00,2018.00,3.0585,
3/22/2018,22.00,3.00,2018.00,3.02,
3/23/2018,23.00,3.00,2018.00,2.993,
3/26/2018,26.00,3.00,2018.00,2.97,
3/27/2018,27.00,3.00,2018.00,3.0005,
3/28/2018,28.00,3.00,2018.00,3.002,
3/29/2018,29.00,3.00,2018.00,3.0255,
4/2/2018,2.00,4.00,2018.00,3.05,3.093714286
4/3/2018,3.00,4.00,2018.00,3.0635,
4/4/2018,4.00,4.00,2018.00,3.0105,
4/5/2018,5.00,4.00,2018.00,3.0745,
4/6/2018,6.00,4.00,2018.00,3.0585,
4/9/2018,9.00,4.00,2018.00,3.077,
4/10/2018,10.00,4.00,2018.00,3.137,
4/11/2018,11.00,4.00,2018.00,3.117,
4/12/2018,12.00,4.00,2018.00,3.0635,
4/13/2018,13.00,4.00,2018.00,3.071,
4/16/2018,16.00,4.00,2018.00,3.0955,
4/17/2018,17.00,4.00,2018.00,3.0795,
4/18/2018,18.00,4.00,2018.00,3.1585,
4/19/2018,19.00,4.00,2018.00,3.132,
4/20/2018,20.00,4.00,2018.00,3.135,
4/23/2018,23.00,4.00,2018.00,3.1105,
4/24/2018,24.00,4.00,2018.00,3.142,
4/25/2018,25.00,4.00,2018.00,3.1391,
4/26/2018,26.00,4.00,2018.00,3.1236,
4/27/2018,27.00,4.00,2018.00,3.0601,
4/30/2018,30.00,4.00,2018.00,3.0697,
5/1/2018,1.00,5.00,2018.00,3.0375,3.078727273
5/2/2018,2.00,5.00,2018.00,3.0685,
5/3/2018,3.00,5.00,2018.00,3.0805,
5/4/2018,4.00,5.00,2018.00,3.0855,
5/7/2018,7.00,5.00,2018.00,3.079,
5/8/2018,8.00,5.00,2018.00,3.059,
5/9/2018,9.00,5.00,2018.00,3.0575,
5/10/2018,10.00,5.00,2018.00,3.11,
5/11/2018,11.00,5.00,2018.00,3.1115,
5/14/2018,14.00,5.00,2018.00,3.093,
5/15/2018,15.00,5.00,2018.00,3.056,
5/16/2018,16.00,5.00,2018.00,3.0705,
5/17/2018,17.00,5.00,2018.00,3.089,
5/18/2018,18.00,5.00,2018.00,3.0635,
5/21/2018,21.00,5.00,2018.00,3.0985,
5/22/2018,22.00,5.00,2018.00,3.132,
5/23/2018,23.00,5.00,2018.00,3.0705,
5/24/2018,24.00,5.00,2018.00,3.096,
5/25/2018,25.00,5.00,2018.00,3.0775,
5/29/2018,29.00,5.00,2018.00,3.0625,
5/30/2018,30.00,5.00,2018.00,3.069,
5/31/2018,31.00,5.00,2018.00,3.065,
6/1/2018,1.00,6.00,2018.00,3.0985,3.121080952
6/4/2018,4.00,6.00,2018.00,3.1345,
6/5/2018,5.00,6.00,2018.00,3.1985,
6/6/2018,6.00,6.00,2018.00,3.262,
6/7/2018,7.00,6.00,2018.00,3.275,
6/8/2018,8.00,6.00,2018.00,3.3,
6/11/2018,11.00,6.00,2018.00,3.257,
6/12/2018,12.00,6.00,2018.00,3.2495,
6/13/2018,13.00,6.00,2018.00,3.254,
6/14/2018,14.00,6.00,2018.00,3.222,
6/15/2018,15.00,6.00,2018.00,3.1445,
6/18/2018,18.00,6.00,2018.00,3.1065,
6/19/2018,19.00,6.00,2018.00,3.047,
6/20/2018,20.00,6.00,2018.00,3.0405,
6/21/2018,21.00,6.00,2018.00,3.0215,
6/22/2018,22.00,6.00,2018.00,3.027,
6/25/2018,25.00,6.00,2018.00,2.987,
6/26/2018,26.00,6.00,2018.00,2.9967,
6/27/2018,27.00,6.00,2018.00,2.9937,
6/28/2018,28.00,6.00,2018.00,2.9643,
6/29/2018,29.00,6.00,2018.00,2.963,
7/2/2018,2.00,7.00,2018.00,2.944,2.801785714
7/3/2018,3.00,7.00,2018.00,2.917,
7/5/2018,5.00,7.00,2018.00,2.826,
7/6/2018,6.00,7.00,2018.00,2.824,
7/9/2018,9.00,7.00,2018.00,2.85,
7/10/2018,10.00,7.00,2018.00,2.8395,
7/11/2018,11.00,7.00,2018.00,2.7435,
7/12/2018,12.00,7.00,2018.00,2.777,
7/13/2018,13.00,7.00,2018.00,2.7755,
7/16/2018,16.00,7.00,2018.00,2.7645,
7/17/2018,17.00,7.00,2018.00,2.747,
7/18/2018,18.00,7.00,2018.00,2.76,
7/19/2018,19.00,7.00,2018.00,2.6955,
7/20/2018,20.00,7.00,2018.00,2.756,
7/23/2018,23.00,7.00,2018.00,2.7465,
7/24/2018,24.00,7.00,2018.00,2.8105,
7/25/2018,25.00,7.00,2018.00,2.8175,
7/26/2018,26.00,7.00,2018.00,2.818,
7/27/2018,27.00,7.00,2018.00,2.802,
7/30/2018,30.00,7.00,2018.00,2.792,
7/31/2018,31.00,7.00,2018.00,2.8315,
8/1/2018,1.00,8.00,2018.00,2.7475,2.701952174
8/2/2018,2.00,8.00,2018.00,2.7375,
8/3/2018,3.00,8.00,2018.00,2.7635,
8/6/2018,6.00,8.00,2018.00,2.7315,
8/7/2018,7.00,8.00,2018.00,2.752,
8/8/2018,8.00,8.00,2018.00,2.751,
8/9/2018,9.00,8.00,2018.00,2.7655,
8/10/2018,10.00,8.00,2018.00,2.7425,
8/13/2018,13.00,8.00,2018.00,2.731,
8/14/2018,14.00,8.00,2018.00,2.682,
8/15/2018,15.00,8.00,2018.00,2.56,
8/16/2018,16.00,8.00,2018.00,2.6165,
8/17/2018,17.00,8.00,2018.00,2.629,
8/20/2018,20.00,8.00,2018.00,2.6685,
8/21/2018,21.00,8.00,2018.00,2.6955,
8/22/2018,22.00,8.00,2018.00,2.6735,
8/23/2018,23.00,8.00,2018.00,2.6545,
8/24/2018,24.00,8.00,2018.00,2.7005,
8/27/2018,27.00,8.00,2018.00,2.7085,
8/28/2018,28.00,8.00,2018.00,2.7405,
8/29/2018,29.00,8.00,2018.00,2.7206,
8/30/2018,30.00,8.00,2018.00,2.7067,
8/31/2018,31.00,8.00,2018.00,2.6666,
9/4/2018,4.00,9.00,2018.00,2.602,2.711026316
9/5/2018,5.00,9.00,2018.00,2.61,
9/6/2018,6.00,9.00,2018.00,2.6365,
9/7/2018,7.00,9.00,2018.00,2.6225,
9/10/2018,10.00,9.00,2018.00,2.628,
9/11/2018,11.00,9.00,2018.00,2.6215,
9/12/2018,12.00,9.00,2018.00,2.676,
9/13/2018,13.00,9.00,2018.00,2.683,
9/14/2018,14.00,9.00,2018.00,2.646,
9/17/2018,17.00,9.00,2018.00,2.651,
9/18/2018,18.00,9.00,2018.00,2.7305,
9/19/2018,19.00,9.00,2018.00,2.7295,
9/20/2018,20.00,9.00,2018.00,2.74,
9/21/2018,21.00,9.00,2018.00,2.8575,
9/24/2018,24.00,9.00,2018.00,2.836,
9/25/2018,25.00,9.00,2018.00,2.8235,
9/26/2018,26.00,9.00,2018.00,2.828,
9/27/2018,27.00,9.00,2018.00,2.783,
9/28/2018,28.00,9.00,2018.00,2.805,
10/1/2018,1.00,10.00,2018.00,2.7875,2.767673913
10/2/2018,2.00,10.00,2018.00,2.8065,
10/3/2018,3.00,10.00,2018.00,2.834,
10/4/2018,4.00,10.00,2018.00,2.7775,
10/5/2018,5.00,10.00,2018.00,2.763,
10/8/2018,8.00,10.00,2018.00,2.767,
10/9/2018,9.00,10.00,2018.00,2.8065,
10/10/2018,10.00,10.00,2018.00,2.7805,
10/11/2018,11.00,10.00,2018.00,2.803,
10/12/2018,12.00,10.00,2018.00,2.8005,
10/15/2018,15.00,10.00,2018.00,2.7885,
10/16/2018,16.00,10.00,2018.00,2.7795,
10/17/2018,17.00,10.00,2018.00,2.778,
10/18/2018,18.00,10.00,2018.00,2.7465,
10/19/2018,19.00,10.00,2018.00,2.778,
10/22/2018,22.00,10.00,2018.00,2.7855,
10/23/2018,23.00,10.00,2018.00,2.758,
10/24/2018,24.00,10.00,2018.00,2.7575,
10/25/2018,25.00,10.00,2018.00,2.7545,
10/26/2018,26.00,10.00,2018.00,2.741,
10/29/2018,29.00,10.00,2018.00,2.7405,
10/30/2018,30.00,10.00,2018.00,2.664,
10/31/2018,31.00,10.00,2018.00,2.659,
11/1/2018,1.00,11.00,2018.00,2.7215,2.750742857
11/2/2018,2.00,11.00,2018.00,2.807,
11/5/2018,5.00,11.00,2018.00,2.756,
11/6/2018,6.00,11.00,2018.00,2.7325,
11/7/2018,7.00,11.00,2018.00,2.7545,
11/8/2018,8.00,11.00,2018.00,2.736,
11/9/2018,9.00,11.00,2018.00,2.6845,
11/12/2018,12.00,11.00,2018.00,2.6765,
11/13/2018,13.00,11.00,2018.00,2.687,
11/14/2018,14.00,11.00,2018.00,2.71,
11/15/2018,15.00,11.00,2018.00,2.7465,
11/16/2018,16.00,11.00,2018.00,2.7985,
11/19/2018,19.00,11.00,2018.00,2.799,
11/20/2018,20.00,11.00,2018.00,2.7665,
11/21/2018,21.00,11.00,2018.00,2.7945,
11/23/2018,23.00,11.00,2018.00,2.7665,
11/26/2018,26.00,11.00,2018.00,2.7555,
11/27/2018,27.00,11.00,2018.00,2.7092,
11/28/2018,28.00,11.00,2018.00,2.7993,
11/29/2018,29.00,11.00,2018.00,2.7819,
11/30/2018,30.00,11.00,2018.00,2.7827,
12/3/2018,3.00,12.00,2018.00,2.806,2.723375
12/4/2018,4.00,12.00,2018.00,2.755,
12/5/2018,5.00,12.00,2018.00,2.772,
12/6/2018,6.00,12.00,2018.00,2.7425,
12/7/2018,7.00,12.00,2018.00,2.758,
12/10/2018,10.00,12.00,2018.00,2.7205,
12/11/2018,11.00,12.00,2018.00,2.768,
12/12/2018,12.00,12.00,2018.00,2.7705,
12/13/2018,13.00,12.00,2018.00,2.7645,
12/14/2018,14.00,12.00,2018.00,2.7605,
12/17/2018,17.00,12.00,2018.00,2.752,
12/18/2018,18.00,12.00,2018.00,2.665,
12/19/2018,19.00,12.00,2018.00,2.7195,
12/20/2018,20.00,12.00,2018.00,2.698,
12/21/2018,21.00,12.00,2018.00,2.6735,
12/24/2018,24.00,12.00,2018.00,2.663,
12/26/2018,26.00,12.00,2018.00,2.7004,
12/27/2018,27.00,12.00,2018.00,2.6677,
12/28/2018,28.00,12.00,2018.00,2.6805,
12/31/2018,31.00,12.00,2018.00,2.6304,
1/2/2019,2.00,1.00,2019.00,2.623,2.670214286
1/3/2019,3.00,1.00,2019.00,2.568,
1/4/2019,4.00,1.00,2019.00,2.6475,
1/7/2019,7.00,1.00,2019.00,2.637,
1/8/2019,8.00,1.00,2019.00,2.656,
1/9/2019,9.00,1.00,2019.00,2.657,
1/10/2019,10.00,1.00,2019.00,2.6375,
1/11/2019,11.00,1.00,2019.00,2.662,
1/14/2019,14.00,1.00,2019.00,2.635,
1/15/2019,15.00,1.00,2019.00,2.6345,
1/16/2019,16.00,1.00,2019.00,2.6735,
1/17/2019,17.00,1.00,2019.00,2.68,
1/18/2019,18.00,1.00,2019.00,2.719,
1/22/2019,22.00,1.00,2019.00,2.6595,
1/23/2019,23.00,1.00,2019.00,2.6545,
1/24/2019,24.00,1.00,2019.00,2.6445,
1/25/2019,25.00,1.00,2019.00,2.729,
1/28/2019,28.00,1.00,2019.00,2.68,
1/29/2019,29.00,1.00,2019.00,2.725,
1/30/2019,30.00,1.00,2019.00,2.7675,
1/31/2019,31.00,1.00,2019.00,2.7845,
2/1/2019,1.00,2.00,2019.00,2.773,2.853315789
2/4/2019,4.00,2.00,2019.00,2.7945,
2/5/2019,5.00,2.00,2019.00,2.817,
2/6/2019,6.00,2.00,2019.00,2.8365,
2/7/2019,7.00,2.00,2019.00,2.8285,
2/8/2019,8.00,2.00,2019.00,2.8105,
2/11/2019,11.00,2.00,2019.00,2.79,
2/12/2019,12.00,2.00,2019.00,2.772,
2/13/2019,13.00,2.00,2019.00,2.773,
2/14/2019,14.00,2.00,2019.00,2.774,
2/15/2019,15.00,2.00,2019.00,2.7985,
2/19/2019,19.00,2.00,2019.00,2.8745,
2/20/2019,20.00,2.00,2019.00,2.92,
2/21/2019,21.00,2.00,2019.00,2.897,
2/22/2019,22.00,2.00,2019.00,2.9515,
2/25/2019,25.00,2.00,2019.00,2.9458,
2/26/2019,26.00,2.00,2019.00,2.9472,
2/27/2019,27.00,2.00,2019.00,2.9611,
2/28/2019,28.00,2.00,2019.00,2.9484,
3/1/2019,1.00,3.00,2019.00,2.932,2.902047619
3/4/2019,4.00,3.00,2019.00,2.909,
3/5/2019,5.00,3.00,2019.00,2.9335,
3/6/2019,6.00,3.00,2019.00,2.9185,
3/7/2019,7.00,3.00,2019.00,2.9105,
3/8/2019,8.00,3.00,2019.00,2.8935,
3/11/2019,11.00,3.00,2019.00,2.901,
3/12/2019,12.00,3.00,2019.00,2.9285,
3/13/2019,13.00,3.00,2019.00,2.9355,
3/14/2019,14.00,3.00,2019.00,2.8915,
3/15/2019,15.00,3.00,2019.00,2.906,
3/18/2019,18.00,3.00,2019.00,2.909,
3/19/2019,19.00,3.00,2019.00,2.923,
3/20/2019,20.00,3.00,2019.00,2.921,
3/21/2019,21.00,3.00,2019.00,2.906,
3/22/2019,22.00,3.00,2019.00,2.8425,
3/25/2019,25.00,3.00,2019.00,2.8565,
3/26/2019,26.00,3.00,2019.00,2.854,
3/27/2019,27.00,3.00,2019.00,2.863,
3/28/2019,28.00,3.00,2019.00,2.8725,
3/29/2019,29.00,3.00,2019.00,2.936,
4/1/2019,1.00,4.00,2019.00,2.9245,2.917944444
4/2/2019,2.00,4.00,2019.00,2.9055,
4/3/2019,3.00,4.00,2019.00,2.9485,
4/4/2019,4.00,4.00,2019.00,2.91,
4/5/2019,5.00,4.00,2019.00,2.8945,
4/8/2019,8.00,4.00,2019.00,2.932,
4/9/2019,9.00,4.00,2019.00,2.934,
4/10/2019,10.00,4.00,2019.00,2.9255,
4/11/2019,11.00,4.00,2019.00,2.887,
