MES,YEAR,EURO,DOLAR,COBRE,DESEMPLEO,EXPMES,EXP2MES,Maravilla $/litroPrecios a consumidor Supermercado,Vegetal $/litroPrecios a consumidor Supermercado,Azúcar $/kiloPrecios a consumidor Supermercado,Abastero Nacional o importadaPrecios a consumidor Supermercado,Asado Carnicero Nacional o importadaPrecios a consumidor Supermercado,Asado de tira Nacional o importadaPrecios a consumidor Supermercado,Asiento Nacional o importadaPrecios a consumidor Supermercado,Cerdo Costillar NacionalPrecios a consumidor Supermercado,Cerdo Lomo NacionalPrecios a consumidor Supermercado,Cerdo Pulpa s/hueso NacionalPrecios a consumidor Supermercado,Choclillo Nacional o importadaPrecios a consumidor Supermercado,Chuleta (centro) NacionalPrecios a consumidor Supermercado,Chuleta (Parrillera) NacionalPrecios a consumidor Supermercado,Cordero NacionalPrecios a consumidor Supermercado,Estomaguillo (Tapabarriga) Nacional o importadaPrecios a consumidor Supermercado,Filete Nacional o importadaPrecios a consumidor Supermercado,Ganso Nacional o importadaPrecios a consumidor Supermercado,Huachalomo Nacional o importadaPrecios a consumidor Supermercado,Lomo Liso Nacional o importadaPrecios a consumidor Supermercado,Lomo Vetado Nacional o importadaPrecios a consumidor Supermercado,Malaya Nacional o importadaPrecios a consumidor Supermercado,Osobuco Nacional o importadaPrecios a consumidor Supermercado,Palanca Nacional o importadaPrecios a consumidor Supermercado,Pavo Osobuco NacionalPrecios a consumidor Supermercado,Pavo Pechugas/hueso NacionalPrecios a consumidor Supermercado,Pavo Trutro Ala NacionalPrecios a consumidor Supermercado,Pavo Trutro Corto NacionalPrecios a consumidor Supermercado,Plateada Nacional o importadaPrecios a consumidor Supermercado,Pollo Entero NacionalPrecios a consumidor Supermercado,Pollo Ganso Nacional o importadaPrecios a consumidor Supermercado,Pollo Pechuga Deshuesada NacionalPrecios a consumidor Supermercado,Pollo Pechuga NacionalPrecios a consumidor Supermercado,Pollo Trutro Entero NacionalPrecios a consumidor Supermercado,Posta Negra Nacional o importadaPrecios a consumidor Supermercado,Posta Paleta Nacional o importadaPrecios a consumidor Supermercado,Posta Rosada Nacional o importadaPrecios a consumidor Supermercado,Punta de Ganso Nacional o importadaPrecios a consumidor Supermercado,Punta paleta Nacional o importadaPrecios a consumidor Supermercado,Punta picana Nacional o importadaPrecios a consumidor Supermercado,Sobrecostilla Nacional o importadaPrecios a consumidor Supermercado,Tapapecho Nacional o importadaPrecios a consumidor Supermercado,Arroz grano Ancho grado 1 $/kiloPrecios a consumidor Supermercado,Arroz grano Ancho grado 2 $/kiloPrecios a consumidor Supermercado,Arroz grano Delgado grado 2 $/kiloPrecios a consumidor Supermercado,Spaghetti N° 5 $/envase 400 gramosPrecios a consumidor Supermercado,Limón Sin especificar 1a amarillo $/kiloPrecios a consumidor Supermercado,Limón Sin especificar 2a amarillo $/kiloPrecios a consumidor Supermercado,Mango Sin especificar Primera $/kiloPrecios a consumidor Supermercado,Mango Sin especificar Segunda $/kiloPrecios a consumidor Supermercado,Palta Hass Primera $/kiloPrecios a consumidor Supermercado,Palta Hass Segunda $/kiloPrecios a consumidor Supermercado,Plátano Sin especificar Primera $/kiloPrecios a consumidor Supermercado,Plátano Sin especificar Segunda $/kiloPrecios a consumidor Supermercado,Harina con polvos de hornear $/kiloPrecios a consumidor Supermercado,Harina sin polvos de hornear $/kiloPrecios a consumidor Supermercado,Ajo Chino Primera $/unidadPrecios a consumidor Supermercado,Ajo Chino Segunda $/unidadPrecios a consumidor Supermercado,Apio Americana (o) Primera $/unidadPrecios a consumidor Supermercado,Apio Americana (o) Segunda $/unidadPrecios a consumidor Supermercado,Brócoli Sin especificar Primera $/unidadPrecios a consumidor Supermercado,Brócoli Sin especificar Segunda $/unidadPrecios a consumidor Supermercado,Choclo Dulce o Americano Primera $/unidadPrecios a consumidor Supermercado,Choclo Dulce o Americano Segunda $/unidadPrecios a consumidor Supermercado,Coliflor Sin especificar Primera $/unidadPrecios a consumidor Supermercado,Coliflor Sin especificar Segunda $/unidadPrecios a consumidor Supermercado,Espinaca Sin especificar Primera $/kiloPrecios a consumidor Supermercado,Espinaca Sin especificar Segunda $/kiloPrecios a consumidor Supermercado,Lechuga Conconina(o) Primera $/unidadPrecios a consumidor Supermercado,Lechuga Conconina(o) Segunda $/unidadPrecios a consumidor Supermercado,Lechuga Escarola Primera $/unidadPrecios a consumidor Supermercado,Lechuga Escarola Segunda $/unidadPrecios a consumidor Supermercado,Papa Asterix Primera $/kiloPrecios a consumidor Supermercado,Papa Asterix Segunda $/kiloPrecios a consumidor Supermercado,Papa Patagonia Primera $/kiloPrecios a consumidor Supermercado,Papa Patagonia Segunda $/kiloPrecios a consumidor Supermercado,Pepino ensalada Sin especificar Primera $/unidadPrecios a consumidor Supermercado,Pepino ensalada Sin especificar Segunda $/unidadPrecios a consumidor Supermercado,Repollo Crespo record Primera $/unidadPrecios a consumidor Supermercado,Repollo Crespo record Segunda $/unidadPrecios a consumidor Supermercado,Tomate Larga vida Primera $/kiloPrecios a consumidor Supermercado,Tomate Larga vida Segunda $/kiloPrecios a consumidor Supermercado,Zanahoria Sin especificar Primera $/kiloPrecios a consumidor Supermercado,Zanahoria Sin especificar Segunda $/kiloPrecios a consumidor Supermercado,Zapallo italiano Sin especificar Primera $/unidadPrecios a consumidor Supermercado,Zapallo italiano Sin especificar Segunda $/unidadPrecios a consumidor Supermercado,Huevo blanco $/bandeja 12 unidadesPrecios a consumidor Supermercado,Huevo color $/bandeja 12 unidadesPrecios a consumidor Supermercado,Arvejas verdes partidas $/kiloPrecios a consumidor Supermercado,Garbanzos sin piel $/kiloPrecios a consumidor Supermercado,Lentejas 6 mm $/kiloPrecios a consumidor Supermercado,Poroto Hallado $/kiloPrecios a consumidor Supermercado,Poroto Negro $/kiloPrecios a consumidor Supermercado,Poroto Tórtola $/kiloPrecios a consumidor Supermercado,Leche en Polvo Descremada $/Bolsa 800 grsPrecios a consumidor Supermercado,Leche en Polvo Entera $/Bolsa 900 grsPrecios a consumidor Supermercado,Leche Fluida Descremada $/Caja de 1 LitroPrecios a consumidor Supermercado,Leche Fluida Entera $/Caja de 1 LitroPrecios a consumidor Supermercado,Mantequilla $/pan de 250 gramosPrecios a consumidor Supermercado,Margarina $/pote 500 gramosPrecios a consumidor Supermercado,Queso Chanco $/envase 1 kiloPrecios a consumidor Supermercado,Queso Gauda $/envase 1 kiloPrecios a consumidor Supermercado,Queso Mantecoso $/envase 1 kiloPrecios a consumidor Supermercado,Yoghurt (vainilla ó frutilla) $/envase 125 gramosPrecios a consumidor Supermercado,Hallulla corriente $/kiloPrecios a consumidor Supermercado,Hallulla especial $/kiloPrecios a consumidor Supermercado,Hallulla integral $/kiloPrecios a consumidor Supermercado,Marraqueta $/kiloPrecios a consumidor Supermercado,Pan amasado $/kiloPrecios a consumidor Supermercado,ARROZ,HARINA,CEREAL,PAN,GALLETA,PRODUCTOSDEREPOSTERIA,MASASSALADASPREPARADAS,SNACK,PASTAS,CARNEDEVACUNO,CARNEDECERDO,CARNEDEPAVO,CARNEDEPOLLO,CECINAS,HAMBURGUESA,PESCADOS,MARISCOS,PESCADOSENCONSERVA,MARISCOSENCONSERVA,LECHEENPOLVO,LECHELIQUIDA,LECHECONSERVADA,YOGHURT,POSTRESLACTEOS,QUESO,HUEVOS,MANTEQUILLA,MARGARINA,ACEITEVEGETAL,MANZANA,NARANJA,PERA,PLATANO,FRUTASDEESTACION,FRUTOSSECOS,FRUTASENCONSERVA,ACELGAYESPINACA,CEBOLLAYCEBOLLIN,LECHUGA,LIMON,PALTA,PIMENTONYPIMIENTO,TOMATE,ZANAHORIA,ZAPALLO,ZAPALLOITALIANO,VERDURASDEESTACION,VERDURASCONGELADAS,VERDURASENCONSERVA,VERDURASENCURTIDAS,LEGUMBRES,PAPA,PAPASCONGELADASYDESHIDRATADAS,PAPASFRITAS,AZUCAR,ENDULZANTE,MERMELADA,MANJARYDULCESUNTABLES,CARAMELOSYGOMADEMASCAR,CHOCOLATE,HELADO,SAL,"HIERBAS,ESPECIASYCONDIMENTOS",SALSAS,ADEREZOS,SOPASYCREMAS,ALIMENTOSPARABEBE,POSTRESNOLACTEOS,CAFEYSUCEDANEOS,TE,SABORIZANTEPARALECHE,AGUAEMBOTELLADA,BEBIDAGASEOSA,BEBIDAISOTONICAYENERGIZANTE,JUGOLIQUIDO,JUGOENPOLVO,PISCO,RON,WHISKY,VODKA,VINO,VINOESPUMOSO,CERVEZA,CIGARRILLOS,TELASPARACONFECCIONDEVESTUARIO,ROPADEABRIGOPARAHOMBRE,PANTALONLARGOYCORTOPARAHOMBRE,CAMISAYPOLERAPARAHOMBRE,ROPAINTERIORYDEDORMIRPARAHOMBRE,ROPADEABRIGOPARAMUJER,"Pantalon,faldayvestidoparamujer",BLUSAYPOLERAPARAMUJER,ROPADEPORTIVAYDEBANOPARAMUJER,ROPAINTERIORYDEDORMIRPARAMUJER,ROPADEABRIGOINFANTIL,"PANTALON,FALDAYVESTIDOINFANTIL","CAMISA,BLUSAYPOLERAINFANTIL","ROPADEPORTIVA,SHORTS,BERMUDASYTRAJESDEBANOINFANTIL",ROPAINTERIORYDEDORMIRINFANTIL,VESTUARIOPARALACTANTE,UNIFORMEYROPADEPORTIVAESCOLAR,ARTICULOSPARAREPARACIONDEVESTUARIO,ACCESORIOSDEVESTIR,SERVICIODELIMPIEZAYREPARACIONDEVESTUARIO,ZAPATILLASPARAHOMBRE,ZAPATOSPARAHOMBRE,ZAPATILLASPARAMUJER,ZAPATOSPARAMUJER,CALZADODEESTACIONPARAMUJER,ZAPATILLAINFANTIL,ZAPATOINFANTIL,CALZADOESCOLAR,ARRIENDO,MATERIALESPARALAREPARACIONDELAVIVIENDA,PINTURAYBARNIZ,GRIFERIAYACCESORIOS,SELLANTESYPEGAMENTOS,SERVICIOSPARALACONSERVACIONYREPARACIONDELAVIVIENDA,AGUAPOTABLE,SERVICIODERETIRODEBASURA,SERVICIODEALARMAPARALAVIVIENDA,GASTOCOMUN,ELECTRICIDAD,GASPORRED,GASLICUADO,CARBON,PARAFINA,LENA,CAMA,COLCHON,MUEBLESDECOMEDOR,MUEBLESPARACOCINA,MUEBLESPARALIVING,ALFOMBRAYOTROSREVESTIMIENTOSPARAPISOS,ARTICULOSORNAMENTALES,SERVICIODEREPARACIONDEMUEBLES,TEXTILESPARACAMA,TEXTILESPARABANOYCOCINA,TEXTILESPARALIVINGYCOMEDOR,CALEFON,COCINA,ARTICULOSPARACALEFACCIONDELHOGAR,HORNOSELECTRICOSYMICROONDAS,LAVADORA,REFRIGERADOR,ELECTRODOMESTICOSPEQUENOSDECOCINA,PLANCHA,SERVICIODEREPARACIONDELINEABLANCAYELECTRODOMESTICOS,VAJILLA,UTENSILIOSDECOCINA,HERRAMIENTASELECTRICASYACCESORIOS,HERRAMIENTASMANUALESYACCESORIOS,ACCESORIOSDEILUMINACION,ARTICULOSDECERRAJERIA,ACCESORIOSELECTRICOS,PILAS,AROMATIZADORYDESINFECTANTEAMBIENTAL,DETERGENTEYSUAVIZANTEPARAROPA,LAVALOZA,LIMPIADOR,INSECTICIDASYSIMILARES,ARTICULOSDELIMPIEZA,SERVILLETASYTOALLADEPAPEL,SERVICIODOMESTICO,"MEDICAMENTOSANTIINFECCIOSOS,ANTIVIRALESYANTIFUNGICOS",MEDICAMENTOSPARAELAPARATOCARDIOVASCULAR,HORMONASYMEDICAMENTOSPARAELSISTEMAGENITO-URINARIO,"MEDICAMENTOSANTIINFLAMATORIOSNOCORTICOIDES,ANTIMIGRANOSOSYSISTEMAOSTEO-MUSCULAR",MEDICAMENTOSPARAELSISTEMARESPIRATORIO,"MEDICAMENTOSDERMATOLOGICOS,DESINFECTANTESYANTISEPTICOS",MEDICAMENTOSPARAELSISTEMANERVIOSOCENTRAL,MEDICAMENTOSPARAELAPARATODIGESTIVOYMETABOLICO,PREPARADOSOFTALMOLOGICOS,"MEDICAMENTOSPARAELTRATAMIENTODELCANCER,MODIFICADORESDELSISTEMAINMUNEYFARMACOSUTILIZADOSENLOSCUIDADOSPALIATIVOSDELDOLOR",MEDICAMENTOSHOMEOPATICOSYSUPLEMENTOSALIMENTICIOS,PRODUCTOSPARALACURACIONDEHERIDAS,PRESERVATIVOS,LENTESDECORRECCION,ARTICULOSPARAMEDIRPARAMETROSDESALUD,CONSULTAMEDICA,PROCEDIMIENTOEINTERVENCIONQUIRURGICAAMBULATORIA,CONSULTAYTRATAMIENTOODONTOLOGICO,EXAMENDEIMAGENOLOGIAYRADIOLOGIA,EXAMENDELABORATORIOCLINICO,SERVICIODEOTROSPROFESIONALESDELASALUD,SERVICIODEHOSPITALIZACION,AUTOMOVILNUEVO,AUTOMOVILUSADO,MOTOCICLETA,BICICLETA,REPUESTOSPARAELFUNCIONAMIENTOELECTRICODELAUTOMOVIL,NEUMATICOSYLLANTAS,REPUESTOSYACCESORIOSPARAELFUNCIONAMIENTOMECANICODELAUTOMOVIL,GASOLINA,PETROLEODIESEL,LUBRICANTESYACEITESPARAELAUTOMOVIL,SERVICIODEMANTENCIONYREPARACIONDELAUTOMOVIL,SERVICIODELAVADODELAUTOMOVIL,SERVICIODEESTACIONAMIENTO,SERVICIODEPEAJE,LICENCIADECONDUCIR,REVISIONTECNICADELAUTOMOVIL,SERVICIODETRANSPORTEENTAXICOLECTIVO,SERVICIODETRANSPORTEENTAXI,SERVICIODETRANSPORTEESCOLAR,SERVICIODETRANSPORTEENMICROBUS,SERVICIODETRANSFER,SERVICIODETRANSPORTEENBUSINTERURBANO,SERVICIODETRANSPORTEAEREO,SERVICIODETRANSPORTEMULTIMODAL,EQUIPODETELEFONIAMOVIL,SERVICIODECONEXIONINTERNET,SERVICIODEBANDAANCHAMOVIL,SERVICIODEPACKDETELECOMUNICACIONES,SERVICIODETELEFONIAMOVIL,SERVICIODETELEFONIAFIJA,TELEVISOR,EQUIPODESONIDO,REPRODUCTORPORTATILDEAUDIOYVIDEO,CAMARAFOTOGRAFICA,COMPUTADOR,IMPRESORA,UNIDADDEALMACENAMIENTODIGITAL,JUGUETES,CONSOLADEVIDEOJUEGO,IMPLEMENTOSDEPORTIVOS,ARTICULOSDECAMPING,INSTRUMENTOSMUSICALES,FLORES,PLANTAS,ALIMENTOSPARAMASCOTAS,ACCESORIOSPARAMASCOTAS,SERVICIOSVETERINARIOS,SERVICIOSPRESTADOSPORCENTROSRECREATIVOS,ENTRADAAESPECTACULOSDEPORTIVOS,ENTRADAACENTROSDEDIVERSIONNOCTURNOS,SERVICIOSDEFIESTASDECUMPLEANOS,GIMNASIOS,CLASESDEPORTIVAS,CLASESRECREATIVAS,ENTRADAALCINE,ENTRADAAESPECTACULOSCULTURALES,SERVICIODEREVELADOFOTOGRAFICO,SERVICIODETELEVISIONPAGADARESIDENCIAL,SERVICIODESUSCRIPCIONENLINEA,JUEGOSDEAZAR,TEXTOESCOLAR,LIBRO,DIARIO,CUADERNO,MATERIALESPARAARTESMANUALES,ARTICULOSDEESCRITORIO,PAQUETETURISTICO,SERVICIODEEDUCACIONDEJARDININFANTIL,SERVICIODEEDUCACIONDETRANSICION,SERVICIODEEDUCACIONDE1CICLODELAENSENANZABASICA,SERVICIODEEDUCACIONDE2CICLODELAENSENANZABASICA,SERVICIODEEDUCACIONDELAENSENANZAMEDIA,SERVICIODEPREUNIVERSITARIO,SERVICIODEENSENANZAENCENTROSDEFORMACIONTECNICA,SERVICIODEENSENANZAENINSTITUTOPROFESIONAL,SERVICIODEENSENANZAUNIVERSITARIA,SERVICIODEENSENANZADEPOSTGRADOYPOSTITULO,CURSOSDECAPACITACION,ALIMENTOSCONSUMIDOSFUERADELHOGAR,SANDWICHYCOMPLETOCONSUMIDOFUERADELHOGAR,BEBIDAALCOHOLICACONSUMIDAFUERADELHOGAR,BEBIDANOALCOHOLICACONSUMIDAFUERADELHOGAR,HELADOSYPOSTRESCONSUMIDOSFUERADELHOGAR,PLATOSPREPARADOSPARALLEVAR,SERVICIODEALOJAMIENTOTURISTICO,SERVICIOSDEPELUQUERIA,SERVICIOSENCENTROSDEESTETICA,AFEITADORAYDEPILADORAELECTRICA,MAQUINADEAFEITARDESECHABLE,ARTICULOSDIVERSOSPARAELCUIDADOPERSONAL,BLOQUEADORESYBRONCEADORES,COLONIASYPERFUMES,DESODORANTESYANTITRANSPIRANTES,PRODUCTOSDEHIGIENEBUCAL,PAPELHIGIENICO,JABON,PANALESDESECHABLES,PROTECCIONHIGIENICAFEMENINA,SHAMPOOYBALSAMO,CREMASPARALAPIEL,PRODUCTOSDEMAQUILLAJE,TINTURASYFIJADORES,JOYAS,RELOJDEPULSERA,ARTICULOSPARATRANSPORTEDEEFECTOSPERSONALES,ARTICULOSPARATRANSPORTEDEBEBE,LENTESDESOL,SEGUROS,GASTOFINANCIERO,SERVICIODEEMISIONDECERTIFICADO,SERVICIODEFOTOCOPIADO,MEMBRESIAENASOCIACIONPROFESIONAL,SERVICIONOTARIAL,SERVICIOFUNERARIO,CUOTASENCENTROSDEPADRESYAPODERADOS,SERVICIODERESIDENCIASPARAADULTOSMAYORES,SERVICIODESALACUNA,IPC_REAL
1,2018,738.6284783,605.8586957,3.213428571,6.5,0.1,0.1,1649.76,1484.24,697.22,5329.49,5243.86,6392.45,7184.63,5984.08,6134.26,4182.5,5546.1,3890.99,3636.57,5868.46,5682.02,10651.42,5187.96,5058.7,8193.16,8944.16,5454.35,4648.72,7187.52,2386.7,5632,2022.21,2988.74,5822.72,1927.64,6416.68,4154.09,2438.07,1997.8,5957.27,5422.21,6041.51,7743.71,5267.68,6288.4,4981.71,4725.55,1158.11,1066.92,836.04,568.59,1987.4,1905.67,1636.89,1392.57,3387.66,2670.05,832.75,681.79,726.74,725.12,375.46,365.71,1095.33,971.76,971.31,870.42,525.03,370.99,997.81,810.82,1816.59,1816.38,835.39,688.88,778.78,652.72,1100.33,1029.75,1073.49,748,525.7,388.56,1034.34,862.28,1288.31,1035.22,841.39,708.59,519.1,420.99,1835.42,1984.09,1466.19,2657.33,2251.42,2111.88,1957.56,3096,4308.41,4334.34,788.15,788.18,1685.59,1280.19,7123.69,6508.57,7575.02,177.26,1163.14,1450.68,1500.73,1233.21,1496.01,101.03,99.46,98.49,97.62,98.43,97.93,96.5,99.46,96.91,99.69,103.97,101.87,100.81,98.84,91.67,96.18,98.73,98.8,95.94,99.18,98.37,96.89,98.4,99.21,99.39,98.27,95.47,97.47,100.97,137.61,116.81,123.89,100.85,104.33,99.85,98.88,103.42,92.04,96.77,133.3,89.05,95.91,104.4,104.11,106.78,85.44,94.43,101.23,97.26,99.34,102.44,91.8,101.2,100.44,100.26,101.2,98.61,98.28,96.31,98.95,99.94,97.68,102.62,95.32,98.23,100.2,100.56,98.12,98.65,98.86,98.42,99.93,98.38,98.59,99.99,96.04,101.21,99.3,100.01,101.85,96.64,94.64,98.38,100,99.46,99.5,98.96,101.65,99.82,96.01,100.22,92.44,102.34,99.35,102.07,99.72,104.04,101.32,99.12,99.98,100.58,95.31,101.7,97.06,100.13,98.51,96.88,92.94,97.82,103.13,101.88,100.07,97.14,98.57,97.02,98.98,97.12,97.98,98.77,93.68,96.33,101.49,100.21,93.35,97,99.89,94.02,97.52,97.97,98.49,101.42,98.31,104.3,90.8,98.72,97.4,103.24,100.23,103.37,98.33,101.91,96.95,104.18,99.38,101.32,102.73,104.32,98.6,102.04,100.15,101.33,99.16,105.04,97.82,98.17,99.71,102.18,103.56,104.9,99.79,97.44,95.75,99.92,98.67,98.61,102.16,98.11,99.68,102.46,86.5,99.9,98.27,97.09,97.88,101.28,94.32,95.2,99.38,98.93,97.87,98.09,98.91,98.35,98.54,98.26,98.21,102.03,103.52,102.36,103.76,97.47,101.08,100.53,95.04,92.04,100.99,98.26,98.3,99.53,100.15,98.42,98.66,97.67,99.71,95.4,96.5,99.18,111.25,102.77,96.83,101.12,103.4,100,103.79,100.77,101.57,106.43,114.12,105.56,107.03,105.87,103.36,105.4,100.63,107.26,104.56,103.87,100.6,95.34,98.22,96.83,100.07,98.55,101.52,97.62,99.69,100.97,96.59,95.5,99.81,98.26,88.37,96.83,99.44,99.03,100,96.1,100.61,99.99,98.61,99.39,97.9,102.07,94.76,96.68,97.48,97.64,97.82,99.06,95.88,96.84,96.64,97.1,92.89,97.72,98.12,99.15,97.72,98.24,98.48,100.8,99.07,98.34,98.84,93.98,97.8,101.09,99.67,95.05,97,99.06,96,96.48,98.43,99.78,95.04,104.8,100.37,99.12,99.98,103.1,103.69,102.1,97.62,98.55,100,98.2,99.62,98.01,98.92,97.13,96.78,97.38,98.98069708
2,2018,736.22975,596.4635,3.177042105,6.7,0.1,0.4,1639.75,1475.48,695.74,5265.9,5124.04,6407.56,7186.98,5850.59,6075.97,4125.99,5369.1,3856.1,3587.99,5995.98,5740,10710.88,5246.45,5089.49,8425.2,8942.06,5594.31,4514.25,7243.64,2628.38,5746.7,2076.51,2903.68,5923.35,1938.22,6361.16,4120.68,2448.79,2022.42,6053.79,5217.21,6186.17,7563.98,5120.6,6521.99,4991.76,4677.53,1151.05,1062.21,841.56,576.9,2186.86,2073.79,1657.08,1651.8,3502.75,2858.76,848.1,693.49,729.87,727.28,375.17,377,1119.88,1011.14,1004.28,881.76,520.28,464.92,1000.17,810.51,1809.25,1843.77,828.7,764.57,812.18,649.95,1093.87,870.17,1078.94,952,528.85,403.76,1074.31,1068.91,1288.26,1114.06,834.76,662.89,500.9,344.77,1833.26,1980.33,1435.68,2597.35,2192.47,2080.19,1968.78,3072.05,4169.98,4350.84,791.96,792.48,1693.58,1277.63,7288.17,6442.39,7506.53,177.88,1170.9,1447.38,1491.51,1233.04,1553.64,100.9,100.14,99.65,97.64,98.92,97.92,98.22,101.11,96.53,102.45,101.38,98.52,99.73,100.02,93.83,96.09,100.61,98.6,98.82,98.52,98.38,96.81,99.65,99.55,101.15,98.71,96.25,99.8,101,117.57,122.5,102.94,96.75,96.4,99.16,99.29,105.45,94.05,99.4,145.74,90.36,86.83,93.31,98.99,97.13,83,93.35,103.85,95.01,97.71,102.7,92.64,103.31,97.94,100.17,101.41,98.61,97.11,97.5,99.22,99.31,98.22,100.65,95.7,96.81,100.22,101.65,101.03,100.01,98.59,98.73,99.65,93.65,99.25,100.13,94.33,101.52,101.33,100.08,100.42,97.4,99.14,97.94,100,99.69,103.36,99.6,103.6,101.11,101.56,103.7,96.13,104.73,100.54,105.54,103.15,104.64,103.57,98.86,102.95,99.95,96.01,99.12,97.32,99.45,98.63,97.2,96.22,96.89,100.94,101.77,99.99,97.66,98.83,97.49,99.93,97.71,97.96,98.82,93.68,96.34,100.25,100.25,96.67,94.8,99.49,94.39,96.36,100.61,95.56,96.66,99.9,101.86,103.07,99.76,98.08,103.3,99.69,101.71,99.89,100.76,96.95,103.52,99.91,100.53,102.08,103.97,98.99,101.24,100.64,100.73,99.13,102.73,98.09,98.54,100.41,101.47,103.6,102.93,100.2,96.74,98.46,99.42,99.05,98.43,102.16,98.89,99.12,102.59,96.93,100.26,99.14,97.13,97.8,103.01,97.94,95.2,99.6,98.93,99.2,98.75,99.29,99.11,99.51,99.68,98.92,101.42,103.52,102.26,99.91,97.35,100,100.53,96.56,92.32,101.19,98.81,98.66,100.12,100.36,98.64,98.66,97.79,99.61,95.4,98.13,99.18,120.08,92.03,96.83,100.61,103.4,100,103.79,100.28,101.6,102.51,114.54,104.87,105.98,103.49,102.12,104.99,100.63,105.38,103.02,99.28,100.57,100.62,99.89,98.44,99.54,98.32,101.47,105.15,99.69,100.53,96.36,96.57,99.9,99.24,88.37,98.47,99.44,98.83,100,100.12,100.79,99.99,97.87,98.04,97.45,99.9,94.76,96.68,97.48,97.64,97.82,99.06,95.88,96.84,96.64,97.1,97.68,98.24,98.39,99.19,98.28,99.08,98.84,100.52,99.19,98.64,98.16,97.54,99.69,102.42,100.43,96.21,100.37,100.39,99.89,96.95,97.57,97.66,92.96,105.04,102.22,99.24,98.96,104.24,100.83,100.97,97.89,98.69,100,100.09,99.62,98.86,99.29,97.13,97.76,97.53,99.08334967
3,2018,745.2570455,604.1427273,3.082404762,6.9,0.3,0.2,1641.11,1469.47,688.37,5217.84,5216.93,6596.73,7206.88,6063.44,6245.3,4175.54,5559.59,3877.46,3537.31,6091.46,5661.03,10691.3,5163.52,5095.04,8279.92,9053.16,5469.56,4585.56,6986.85,2447.2,5527.17,2001.74,2830.38,5792.66,1928.03,6244.37,4114,2469.2,1949.82,6111.5,5424.33,6191.16,7678.56,5299.6,6467.37,4972.64,4648.54,1139.25,1055.15,851.15,593.69,2387.45,2196.63,1633.1,1472.64,3648.96,3174.71,870.49,810.26,719.31,716.79,382.37,331.29,1156.21,983.25,1000.2,889.99,505.7,494.33,1002.83,905.55,1783.39,1741.73,840.05,693.28,792.81,619.39,1121.94,1004.92,1087.19,1017.25,517.55,399.86,1116.92,909.6,1277.02,1074.43,821.66,689.88,511.64,392.68,1815.41,1984.35,1437.13,2611.23,2228.67,2079.13,1927.87,3070.55,4155.41,4381.92,800.51,799.86,1720.64,1278.62,7182.81,6243.66,7352.02,179.09,1170.02,1444.01,1508.25,1232.38,1548.16,100.18,99.95,99.82,98.32,98.96,98.02,100.74,99.01,99.8,101.53,100.56,101.36,98.31,100.33,94.38,96.3,98.9,99.65,96.14,99.28,100.73,97.95,98.89,99.96,97.79,98.11,96.42,95.51,101.45,103.6,130.34,95.09,109.29,91.55,99.94,99.72,103.49,96.3,100.96,162.42,94.44,85.35,84.08,99.45,94.43,89.06,95.31,99.81,100.74,101.46,102.14,92.3,101.62,97.01,100.32,101.02,97.57,97.38,98.29,99.67,99.52,98.89,99.85,99.18,97.72,99.99,100,100.05,99.32,99.24,99.87,99.71,97.49,99.92,98.78,97.31,99.25,100.43,100.39,100.31,98.29,101.16,98.27,100,100.45,102.96,99.36,103.59,100.2,101.91,101.99,94.74,104.34,100.79,105.79,103.18,102.95,103.94,100.56,102.05,99.95,96.04,100.26,98.56,102.77,100.17,101.22,101.69,99.66,102.91,102.03,99.99,98.45,98.76,97.46,100.28,97.91,98.26,98.93,93.68,96.67,99.04,100.09,97.06,95.08,99.68,91.56,98.38,100.03,95.83,96.9,101.27,100.6,92.91,99.12,99.03,103.83,97.8,101.1,100.45,101.39,96.95,102.03,100.36,99.96,101.22,102.17,99.04,100.68,99.3,100.84,99.99,102.07,99.29,98.05,100.02,101,99.9,98.09,98.87,99.25,99.2,99.36,99.13,99.22,102.41,98.67,99.79,102.6,99.45,99.29,99.81,98.53,98.42,102.21,100.09,94.31,99.57,100.27,99.93,99.98,99.55,99.33,99.66,99.7,99.36,100.23,102.47,100.75,100.36,98.78,100.13,100.71,94.16,88.89,101.47,98.88,98.35,99.96,100.36,99.56,99.96,99.17,99.98,100.86,97.56,99.18,98.51,89.67,99.76,100.68,103.4,100,104.26,100.28,101.59,103.88,106.79,102.76,104.6,101.94,92.09,104.28,100.63,103.06,101.76,99.28,100.83,99.85,99.22,98.27,100.59,98.44,101.36,101.83,98.03,100.77,98.07,98.14,100.28,98.09,99.43,98.47,99.49,98.95,100,100.38,100.71,99.99,97.55,97.36,97.56,98.25,101.05,100.66,100.5,100.47,100.44,100.19,100.82,100.63,100.67,97.1,98.77,98.71,98.63,99.44,98.85,99.38,99.47,102.07,99.46,99.21,99.39,97.48,100.21,107.65,99.86,93.63,97.43,100.31,95.97,102.01,100.77,99.13,92.49,101.06,102.73,99.18,99.04,103.13,100.14,100.6,98.17,99.12,100,100.38,99.62,99.64,99.34,100.57,98.93,100.32,99.28247207
4,2018,737.6285714,600.9957143,3.093714286,6.7,0.2,0.2,1634.09,1445.1,689.23,5188.44,5074.37,6576.85,7077.56,5918.78,6108.1,4058.5,5396.96,3815.93,3508.61,6003.21,5387.47,10286.5,5004.17,4915.01,8258.54,8817.26,5149.55,4632.8,7026.87,2283.73,6330.98,1989.13,2820.03,5884.26,1966.03,6173.82,4241.35,2530.86,1938.85,5961.65,5277.26,6137.75,7515.55,5246.15,6372.62,4856.88,4664.61,1153.08,1044.7,836,596.57,2180.7,1929.26,1707.47,1696.69,3767.19,3275.57,850.87,719.83,723.61,721.26,381.7,433.88,1127.33,949.88,992.41,788.35,450.09,438.92,1014.01,820.91,1801.41,2464,836.78,744.76,814.36,685.81,1097.53,1111.8,1059.41,790,520.58,434.71,1150.87,934.87,1226.89,1085.61,849.43,714.92,510.83,412.94,1831.82,1983.16,1393.99,2567.49,2176.13,2027.44,1960.02,3085.43,4154.68,4338.72,807.13,807.08,1736.36,1301.1,7045.67,6354.38,7386.79,177.89,1176.29,1448.37,1510.95,1229.81,1559.82,101.02,100.66,100.78,98.99,99.95,99.25,100.03,100.29,99.77,99.69,100.01,101.62,101.73,100.2,98.78,100.67,105.01,99.98,100.09,99.18,101.95,99.54,99.91,101.18,99.9,99.42,98.25,99.87,101.64,96.03,140.64,90.3,100.87,89.37,100.75,99.92,100.06,96.2,98.09,150.65,97.58,86.08,84.8,100.79,94.33,85.97,95.82,100.03,101.75,99.69,101.03,91.48,100.92,99.97,100.54,100.97,97.46,98.01,96.52,100.02,99.35,99.37,99.46,98.32,99.78,98.82,100.59,99.13,99.48,100.81,99.44,99.9,98.89,100.54,96.77,97.24,99.41,101.36,102.29,98.08,99.23,102.45,99.28,100,99.65,102.98,100.21,102.85,100.32,102.87,100.65,97.87,102.96,101.01,104.73,102.14,101.52,103.88,100.77,101.32,99.95,100.14,99.92,100.38,102,100.65,102.19,100.9,100.58,102.66,101.17,99.99,99.3,98.92,97.55,100.77,99.02,98.66,99.36,101.58,99.53,99.79,100.48,97.06,94.29,99.96,93.56,101.84,98.18,100.74,100.42,101.03,101.69,97.17,98.84,99.87,103.34,98.92,101.54,99.45,100.55,104.19,101.13,101.37,100.56,101.42,103.13,99.22,100.15,99.85,101.44,99.89,101.32,99.01,99.52,100.27,101.59,99.43,97.2,99.13,100.76,100.03,100.28,99.28,99.38,102.66,99.39,100.91,102.73,99.25,97.77,101.31,98.41,100.08,105.57,100.23,101.2,96.35,100.56,99.75,100.1,100.02,99.56,99.84,100.04,99.69,99.97,102.56,98.76,99.85,98.95,100.06,101.6,94.61,90.84,101.53,98.92,99.2,99.92,100.36,99.55,99.99,99.34,99.8,100.86,97.46,99.18,93.03,99.28,99.76,101.64,101.22,100,101.85,100.28,100.67,104.24,100.03,103.49,102.96,101.86,96.49,103.33,100.51,101.08,100.66,99.28,100.89,98.31,100.08,99.09,99.69,98.67,100.15,102.52,98.7,99.59,98.16,100.02,100.27,98.4,102.95,98.67,99.82,98.79,100,100.38,99.43,99.99,98.07,98.17,97.89,95.29,101.05,100.66,100.5,100.47,100.44,100.19,100.82,100.63,100.67,97.1,98.77,99.04,98.7,99.65,99.19,99.61,99.77,100.56,99.47,99.06,100.15,99.87,99.72,108.44,99.34,99.37,98.71,101.29,98.14,101.13,101.59,99.12,97.69,104.51,103.15,99.1,100.23,102.43,101.38,100.47,98.75,99.14,100,100.38,99.62,99.82,97.64,100.57,98.63,100.32,99.5481417
5,2018,740.2950417,626.7916667,3.078727273,7,0.2,0.2,1621.19,1433.77,682.57,5336.09,5039.66,6255.45,6778.34,5948.48,6360.11,3988.03,5563.71,3671.98,3471.67,5997.41,5789.54,10444.76,5083.11,4980.92,8299.7,8959.66,5531.47,4557.44,6951.71,2369.56,6129.51,1901.03,2853.36,5853.41,1976.88,6305.3,4261.86,2554.41,1984.03,5967.9,5400,6028.9,7694.65,5366.18,6509.35,4938.74,4632.68,1143.64,1054.28,836.86,600.35,1793.49,1620.26,1789.16,1754.45,3944.97,3465.41,851.69,650.1,731.36,729.88,378.13,429.41,1148.38,895.79,994.14,818.87,473.91,384.5,1014.75,803.96,1787.51,1800.42,809.22,686.81,805.94,644.93,1047.8,881.8,1020.48,1023.33,522.55,462.31,1180.83,1030.73,1190.92,1095.32,845.75,645.97,504.52,413.98,1843.94,1981.32,1401.26,2536.48,2172.12,2074.09,1955,3072.66,4168.47,4285.56,794.58,793.86,1749.22,1276.13,7086,6335.94,7653.62,178.79,1177.31,1448.41,1498.2,1233.45,1535.93,100.33,100.45,98.39,100.04,100.41,99.03,100.77,99.78,100.21,99.98,99.97,100.36,101.42,99.6,100.68,102.35,99.49,99.7,99.95,99.28,100.6,100.05,100,99.44,98.85,100.16,98.01,100.91,100.21,91.59,130.56,89.95,101.71,91,99.55,99.78,98.04,99.37,96.18,114.82,106.43,85.8,88.26,99.48,91.09,89.75,98.1,99.69,100.48,98.02,99.99,87.5,99.11,98.65,100.01,99.69,97.13,101.03,97.75,99,101.41,99.56,99.67,100.32,96.35,99.73,101.58,98.34,100.05,98.56,100.36,100.58,97.82,100.58,98.88,97.7,101.73,101.77,99.26,102.34,100.37,101.07,100.01,100,100.06,101.85,99.9,101.21,100.26,101.41,99.19,98.18,100.91,101.02,105.13,100.8,103.27,104.66,100.11,101.38,99.95,100.13,99.66,100.54,101.9,101.03,102.33,98.42,100.16,101.59,100.67,99.99,99.87,99.62,99.06,101.42,99.76,99.29,98.97,101.58,99.75,98.51,100.32,97.12,96.85,99.68,99.26,101.86,101.11,104.45,103.01,100.88,99.36,98.91,99.02,99.96,104.41,101.65,100.88,98.12,98.94,104.32,100.5,102.13,101.43,101.65,102.51,99.64,99.81,99.67,99.88,99.7,99.8,100.7,100.36,100.25,101.99,100.64,99.49,100.59,101.87,99.19,99.39,99.62,99.45,102.66,99.39,101.25,97.75,104.01,97.86,101.42,99.22,100.55,105.57,101.84,101.22,100,101.12,100.07,100.22,100.23,99.8,99.91,100.14,99.8,99.28,101.3,99.06,101.18,99.18,100.08,102.04,97.14,95.25,101.58,98.99,99.61,99.95,100.36,99.74,100.08,99.4,100.01,100.86,97.04,99.18,93.73,104.99,99.76,102.45,99.86,100,100.19,100.22,100.67,103.26,99.71,102.63,103.62,100.35,100.16,101.81,101.08,99.06,101.04,99.28,99.51,101.83,100.22,99.89,99.8,99.6,100.11,101.84,99.31,99.64,99.81,100.02,100.27,99.75,103.61,98.67,99.82,99.54,100,100.38,99.53,99.99,100.23,99.13,98.36,100.5,101.05,100.66,100.5,100.47,100.44,100.19,100.82,100.63,100.67,101.45,98.77,99.45,98.67,99.52,99.6,99.7,100.03,99.99,99.58,99.54,99.98,100.91,98.51,108.95,102.03,101.35,102.49,101.34,99.96,101.79,101.65,100.55,97.78,101.1,102.99,100.18,99.48,101.23,101.39,100.59,99.02,99.76,100,100.06,99.62,100.01,98.89,100.57,99.46,100.35,99.80549841
6,2018,743.57652,636.7208,3.121080952,7.2,0.2,0.2,1619.26,1450.96,675.45,5162.56,5035.81,6448.13,7089.92,5880.22,6285.4,3985.23,5467.42,3766.7,3554,6076.94,5763.58,9694.76,5010.41,4886.29,7796.95,8796.32,5429.67,4726.03,7042.18,2437.64,6320.9,1798.85,2882.03,5900.43,1984.51,6181.59,4192.2,2514.13,1918.57,5958.22,5297.25,5942.37,7801.53,5213.42,6409.15,4945.32,4725.6,1141.9,1040.25,838.54,606.47,1416.43,1074.65,1907.01,1901.67,3813.01,3496.98,839.94,726.48,729.89,726.55,380.02,352.24,1119.02,921.74,987.05,848.6,549.47,516.75,1028.45,863.6,1798.27,1700.8,820.71,759.42,810.1,709.76,1020.96,998.1,999.83,691.67,527.54,486.99,1191.38,1077.23,1194.99,918.22,860.84,648.46,512.9,479.15,1852.77,1990.85,1412.34,2575.6,2167.34,2051.46,1963.23,3064.89,4113.93,4322.73,792.57,797.27,1768.89,1279.84,7069.83,6425.18,7507.56,177.16,1186.26,1457.44,1505.55,1239.28,1535.68,100.09,100.63,99.08,100.7,100.7,99.78,97.08,100.61,100.37,99.96,97.85,98.21,100.89,100.45,103.27,101.4,102.24,98.13,100.89,98.19,102.62,101.04,99.17,99.82,99.48,101.56,98.75,100.14,100.92,89.29,97.35,89.48,97.56,94.73,100.06,100.81,98.29,99.83,97.69,73.98,113.3,92.91,93.91,100.61,94.3,108.88,104.49,98.51,100.8,99.61,99.9,84.99,98.81,100.82,99.83,101.33,98.71,99.12,100.58,99.94,100.8,100.01,99.65,101.13,98.64,99.97,100.19,100.11,99.85,100.53,99.76,98.82,100.44,99.28,100.56,96.25,98.33,99.37,96.72,98.95,99.99,103.51,100.39,100,99.73,98.16,99.39,98.73,99.56,97.95,98.52,99.81,100.84,100.64,97.92,99.59,99.88,100.92,100.92,99.76,99.95,101.28,99.49,100.55,102.29,99.37,101.17,98.88,99.04,100.62,97.9,99.99,100.48,100.1,101.45,100.47,98.57,99.46,99.25,101.6,100.05,100.73,100.35,97.16,99.1,100.22,100.77,101.54,98.79,99.93,98.92,99.77,97.81,97.69,99.76,100.16,101.9,101.16,101.93,98.6,100.44,101.82,98.89,103.19,100.35,100.53,102.29,99.66,100.93,100.14,98.04,100,99.03,100.37,100.06,98.77,102.41,100.7,97.21,100.12,101.79,100.25,99.21,100.12,100.31,103.72,100.54,99.53,97.48,104.43,100.1,100.94,99.84,100.31,102.4,102.18,104.1,100.22,101.52,100.2,100.48,100.26,100.47,100.12,100.17,100.16,99.6,100.06,99.21,100.41,102.42,101.16,104.81,100.07,99.45,101.18,101.03,100.13,99.94,100.4,100.13,100.14,99.68,100.19,100.86,97.19,99.18,89.41,99.81,99.76,98.55,99.86,100,100.17,100.22,100.67,100.86,101.57,102.85,98.93,98.74,100.67,100.34,99.83,97.64,100.45,99.28,99.6,102.95,99.99,100.62,99.67,100.24,100.11,100.5,100,99.64,100.24,100.34,100.27,99.84,102.77,98.67,100.25,99.83,100,100.38,100.71,99.99,100.05,99.52,99.06,95.76,101.05,100.66,100.5,100.47,100.44,100.19,100.82,100.63,100.67,101.45,98.72,100.07,99.67,99.56,99.86,100.18,100.21,97.9,99.63,100,97.62,101.38,100.56,108.66,101.8,101.2,98.78,98.95,98.8,103.18,101.72,97.32,92.29,92.85,102.94,100.05,99.47,100.2,99.28,100.13,99.37,99.98,100,99.85,99.62,100.18,99.6,100.57,99.75,100.4,99.89732514
7,2018,761.3723704,651.8588889,2.801785714,7.3,0.2,0.2,1620.6,1437.6,673.9,5086.06,4904.42,6293.52,6873.6,5946.08,6106.49,3960.56,5481.68,3976.51,3695.45,6060.06,5672.75,9978.59,5120.95,4878.82,8296.41,8941.03,5364.56,4793.5,7053.25,2603.7,6402.99,2094.77,3063.64,5823.15,2019.73,6130.71,4269.27,2544.64,1891.87,5976.85,5189.52,5947.7,7836.05,5174.46,6448.17,4846.86,4564.01,1143.36,1048.89,831.01,610.87,1109.49,889.41,1852.28,1585.03,3770.37,3259.34,844.15,697.01,729.98,725.75,372.48,348.65,1089.29,922.29,996.05,880.24,589.94,545,1020.76,844.84,1790.69,1719,821.38,725.65,815.98,733.16,980.95,850,972.52,756.67,529.45,476.78,1209.98,1067.05,1233.86,1027.38,852.6,669.23,543.29,448.76,1855.87,1988.48,1406.88,2559.48,2139.64,2057.47,1926.23,3058.34,4069.05,4394.95,787.54,793.1,1784.99,1285.42,7051.92,6410.58,7472.25,178.37,1189.02,1463.08,1528.63,1237,1524.16,100.08,99.78,99.62,100.59,100.61,99.9,101.19,100.2,100.56,100.9,100.25,101.01,101.43,100.89,102.23,106.07,101.03,101.88,100.1,101.04,102.07,102.71,99.24,99.36,100.8,102.41,100.56,101.89,100.5,87.43,80.95,90.63,96.76,98.66,99.93,101.47,99.78,100.22,103.32,54.79,104.39,97.08,100.01,99.82,93.3,114.03,105.5,99.92,101.68,100.45,98.73,84.67,98.05,99.89,100.05,99.57,101.48,104.08,102.8,99.92,99.34,100.64,100.73,101.4,99.42,100.09,99.92,98.34,99.42,99.95,100.16,99.57,102.04,99.67,99.5,95.88,98.76,100.71,101.65,99.9,101.11,102.78,100.67,100,99.55,98.52,97.61,96.85,98.63,98.58,98.57,99.81,99.18,99.87,99.26,99.59,99.88,100.81,100.75,99.29,99.95,101.36,99.11,101.03,98.75,98.41,101.88,100.3,99.04,99.02,97.63,99.99,100.67,100.15,101.08,99.41,98.5,100.01,99.31,101.6,100.23,98.03,101.51,97.82,100.3,100.07,100.44,101.55,99.54,103.87,100.82,100.26,99.62,107.83,99.91,100.51,99.16,99.91,99.94,97.86,99.14,100.44,99.38,98.57,99.16,99.09,99.36,99.74,100.47,100.61,98.55,100.44,98.69,99.62,100.04,95.98,98.53,99.1,102.48,99.52,101.52,100.37,100.02,100.25,99.3,103.8,100.48,103.68,97.56,98.77,99.79,98.47,100.02,100.54,90.76,99.31,104.35,100.37,101.83,100.3,100.33,100.22,100.49,100.3,100.29,100.57,99.69,98.8,98.11,100.15,102.72,98.94,103.53,101.42,102.14,99.19,101.13,100.25,100.14,100.56,100.42,100.3,99.72,100.19,100.86,99.14,99.18,103.42,107.7,99.76,100.58,99.61,100,99.72,99.99,100.2,99.88,99.19,97.5,94.82,98.38,96.79,99.72,100.22,96.98,99.62,99.28,99.59,103,100.2,100.16,99.82,100.22,100.09,101.25,101.58,99.68,102.49,100.94,100.27,100.6,102.59,98.91,100.25,100.06,100,100.38,100.21,99.99,100.75,99.85,99.25,100.45,101.05,100.66,100.5,100.47,100.44,100.19,100.82,100.63,100.67,101.45,98.72,100.57,99.95,99.85,100.37,100.34,100.11,99.67,99.95,99.93,101.73,101.8,101.09,98.14,102.78,102.75,99.29,98.72,101.28,101.86,99.9,100.55,99.03,95.2,98.44,100.3,99.97,98.4,99.67,99.62,99.71,100.3,100,99.85,99.62,100.4,99.62,100.57,100,100.43,100.2220139
8,2018,761.0798148,659.3018519,2.701952174,7.3,0.2,0.4,1631.24,1414.68,670.32,5304.16,5203.85,6310.06,6544.16,5969.58,6392.21,4085.64,5450.13,3801.29,3585.34,6222.67,5714.86,9972.46,4971.03,5106.97,8010.56,8800.81,5150.47,4847.28,6962.79,2637.84,6465.62,2063.92,2945.72,5867.82,2025.92,5969.34,4306.17,2445.4,1870.39,5842.69,5125.52,5977.73,7744.48,5320.57,6072.05,5099.37,4569.16,1153.59,1049.65,836.66,617.82,965.88,826.99,1876.64,1790,3721.76,3250.04,849.52,727.98,732.04,726.74,375.79,341.39,1088.4,937.91,1008.06,910.2,663.53,604,1023.37,906.05,1811.57,1818.11,829.56,750.86,813.75,742.07,995.96,955,980.29,845,550.81,507.11,1215.15,1106.17,1274.7,1080.28,878.9,688.95,559.91,515.45,1852.74,1986.13,1395.37,2566.14,2141.52,2060.18,1934.32,3084.04,4088.86,4365.23,791.87,798.12,1803.94,1292.29,7180.92,6461.98,7651.4,179.53,1191.1,1472.34,1543.31,1240.3,1550.38,100.6,100.25,100.13,100.7,100.53,101.48,101.39,101.31,101.06,99.26,99.27,101.17,100.34,100.12,103.93,104.19,100.62,102.42,102.03,99.49,102.33,102.88,101.27,100.92,100.79,101.6,101.53,103.79,99.94,85.68,76.67,92.37,95.25,101.18,99.86,101.66,99.58,100.91,102.94,50.48,107.73,110,115.18,97.76,92.4,121,107.04,101.23,101.78,99.98,99.53,87.89,98.73,100.26,99.99,100.3,101.53,102.16,100.67,100.09,98.65,100.93,99.84,100.92,102.82,100.26,100.12,101.54,100.65,100.89,99.83,100.15,100.91,100.25,100.75,99.16,101.16,100.4,101.08,100.9,101.04,95.43,101.02,100,99.66,99.25,99.28,99.48,99.4,101.29,101.19,104.4,100.58,99.14,100.7,99.47,99.73,102.04,100.51,101.4,99.95,101.41,98.87,100.46,99.09,102.04,100.76,104.09,100.87,99.36,98.26,99.99,100.71,100.24,101.2,98.24,98.61,101.02,99.41,101.6,100.47,98.78,102.82,97.83,102.22,100.22,100.75,101.07,100.92,101.59,101.76,100.26,99.3,103.89,100.15,100.51,98.32,99.61,98.42,100.09,98.46,99.67,98.62,98.45,98.47,97.28,98.39,99.91,99.09,100.61,99.15,101.07,97.9,99.21,100.72,98.23,100.81,99.86,102.34,100.67,102.4,101.77,101.16,100.45,99.9,95.95,99.66,100.92,98.46,99.97,101.41,99.55,100.57,101.29,95.4,100.21,102.62,100.43,98.47,100.37,100.35,100.25,100.5,100.31,100.27,100.59,99.51,99.06,99.94,100.25,100.75,100.18,103.03,102.37,102.31,99.22,100.89,100.41,100.15,99.49,100.7,100.3,100.17,100.05,100.98,101.29,100,87.8,105.29,99.76,100.99,98.98,100,97.99,99.93,98.93,97.84,97.13,97.91,93.93,97.76,100.49,98.47,98.13,96.15,97.97,99.28,99.31,101.33,99.75,102.19,98.39,100.42,100.6,100.74,99.94,99.93,102.06,101.09,100.27,101.13,101.14,99.84,100.25,100.55,100,100.38,95.98,99.99,100.96,100.46,101,99.02,101.05,100.66,100.5,100.47,100.44,100.19,100.82,100.63,100.67,101.45,98.82,100.75,100.43,100.24,100.46,100.29,100.33,98.85,100.07,100.09,102.09,100.79,101.01,97.7,102.65,103.15,100.7,99.42,100.44,102.92,100.35,100.13,104.27,101.3,97.65,100.42,100,97.86,99.66,99.09,100.66,100.42,100,99.85,99.62,100.85,99.63,100.57,100.44,100.46,100.3067195
9,2018,791.6158,679.1632,2.711026316,7.1,0.4,0.3,1584.71,1410.72,668.79,4574.67,4491.05,6376.42,7165.81,5998.37,6469.23,3997.38,4828.83,3851.46,3699.56,6107.34,5363.13,10148.51,4865.94,4254.38,7978.77,8807.94,4587.06,4795.97,7052.52,2673.67,6483.27,2166.75,3033.96,5670.62,1994.1,6401.78,4208.72,2500.12,1872.1,6082.95,4400.68,6065.19,7698.49,4513.2,6474.72,4427.1,4459.74,1155.69,1039.81,842.11,629.66,970.79,852.4,1898.38,1923.33,3751.5,3074.01,848.91,721.85,727.95,723.73,376.89,346.74,1087.12,890.77,1011.71,927.9,728.03,739,1044.43,961.45,1805.64,1882.67,819.32,761.65,813.81,758.87,1050.54,1066.9,1049.06,744.5,562.65,513.25,1209.1,1044.04,1334.45,1211.88,840.19,695.77,559.89,490.47,1849.32,1973.39,1392.59,2537.22,2130.9,2077.54,1956.68,3035.43,4158.87,4309.9,778.15,780.91,1802.14,1274.22,7125.83,6402.28,7547.09,177.86,1197.76,1489.14,1560.56,1246.84,1543.67,98.26,97.82,101.01,100.71,100.25,101.11,101.32,100.25,100.75,99.48,99.95,99.87,98.9,97.85,102.56,100.5,98.53,102.06,101.93,98.75,100.42,100.73,99.67,99.29,100.66,101.09,102.35,102.49,98.8,87.69,74.52,95.66,96.24,102.54,99.76,98.21,97.7,103.59,104.34,55.94,101.24,119.89,128.42,97.87,98.87,125.39,107.3,99.32,98.84,101.86,98.9,102.46,99.64,100.35,99.48,97.83,100.88,101.5,101.3,100.76,99.18,100.98,99.23,101.76,101.38,100.04,99.99,99.77,101.48,99.8,100.94,99.82,102.48,100.16,100.26,103.44,97.49,97.11,96.1,96.9,101.36,100.91,100.35,100,99.66,99.46,101.17,100.61,101.02,100.05,99.91,104.14,97.88,99.21,97.76,99.43,99.16,100.71,99.76,100.54,99.95,101.49,100.24,100.7,96.69,101.31,99.68,102.85,101.85,98.91,98.3,99.99,101.03,100.26,101.58,99.41,101.24,101.6,101.16,102.75,100.83,98.07,103.02,101.15,105.14,99.79,106.06,101.38,101.85,102.86,101.34,100.87,99.15,100.81,101.56,100.51,96.51,100.42,97.89,102.75,99.67,99.67,97.29,98.5,98.83,98.16,95.52,100.36,97.08,100.19,100.09,101,98.3,99.5,100.2,97.56,99.14,98.71,101.22,99.7,100.13,100.7,100.39,100.5,101.37,95.97,100.91,99.72,99.33,102.21,101.88,96.79,101.62,101.29,99.38,100.36,101.05,100.57,101.52,100.46,100.35,100.24,100.5,100.45,100.28,100.64,99.46,98.76,99.58,98.92,100.51,99.89,96.48,104.11,105.69,98.72,100.55,100.45,100.18,99.49,100.35,100.32,100.82,100.22,100.98,101.63,102.06,103.81,101.2,99.76,100.46,98.74,100,97.52,99.99,98.95,96.14,93.15,93.92,97.16,98.97,103.9,95.98,99.27,97.35,97.69,99.28,98.74,98.85,100.21,101.32,101.35,101.04,101.44,98.71,100.44,99.93,103.41,101.51,99.7,101.13,101.14,101.65,100.25,101.12,100,100.38,98.17,100.04,101.16,101.07,101.67,95.71,101.05,100.66,100.5,100.47,100.44,100.19,100.82,100.63,100.67,101.45,104.1,100.86,101.15,100.52,100.83,99.64,100.04,98.86,100.74,100.7,101.51,101.41,99.99,99.19,96.46,100.26,98.13,101.33,103.31,101.18,99.85,101.39,107.52,100.24,97.25,100.72,100.39,96.97,99.67,99.51,100.93,100.69,100,99.85,99.62,101,99.87,100.57,101.27,100.51,100.5089864
10,2018,780.2537037,679.8081481,2.767673913,7.1,0.3,0.2,1582.97,1416.5,678.11,4920.02,4872.29,6325.91,6851.57,5896.19,6245.79,4019.64,5059.16,3740.7,3587.65,6471.76,5350.32,10418.53,4982.82,4666.87,8298.54,8655.78,4750.24,4828.46,7013.34,2430.35,6268.31,2163.62,2935.3,5570.91,1991.06,5979.84,4118.21,2472.41,1827.84,5842.56,5001.39,5921.47,7768.08,5332.51,5959.4,4629,4489.1,1148.45,1052.34,828.73,637.48,1062.21,929.15,1880.84,1991.21,3914.03,2966.9,829.29,737.88,741.72,734.84,376.32,299.13,1078.6,858.15,1021.59,895.83,769.05,594.5,1043.2,924.86,1808.25,1730.57,848.72,704.11,805.01,666.09,1378.35,1219.09,1348.11,1084.83,556.07,417.71,1185.54,1020.53,1337.29,1111.41,870.86,680.3,556.91,404.85,1847.26,1973.76,1418.59,2503.75,2114.19,2080.79,1898.11,3026.31,4154.55,4418.94,764.83,767.24,1804.04,1286.85,7185.22,6380.68,7578.46,178.09,1211.45,1475.8,1575.3,1254.5,1522.83,99.3,100.33,101.24,101.08,100.92,101.85,101.94,99.28,101.43,99.18,98.02,95.31,100.92,100.85,103.3,103.2,99.34,99.26,100.59,101.58,97.22,101.74,100.23,100.12,99.42,100.92,100.85,100.91,98.12,91.88,73.53,99.6,96.17,100.58,100.63,100.64,96.44,109.37,99.55,67.63,101.85,125.69,114.1,100.76,110.51,119.26,105.52,99.87,101.3,98.96,98.63,129.86,101.93,101.88,99.48,98.46,101.33,98.72,102.57,100.81,100.67,100.92,98.57,101.91,103.2,100.19,98.87,100.98,101.09,100.51,100.72,100.29,102.23,99.97,101.08,106.64,100.93,100.7,101.96,101.5,101.36,102.17,101.25,100,100.2,99.49,102.51,98.15,100.61,99.18,99.95,103.85,98.2,99.92,94.95,99.38,96.19,97.87,100.24,98.96,99.95,101.81,100.77,100.97,98.93,101.66,100.5,103.25,101.89,98.24,101.63,99.99,101.31,100.22,101.81,100.23,104.43,101.49,101.25,102.75,101.06,103.61,96.84,108.26,107.53,100.07,109.68,102.29,101.41,101.2,100.41,99.98,100.29,99.85,100.92,100.73,96.29,100.86,98.43,101.96,97.52,99.67,98.71,100.42,99.93,98.74,97.42,101.45,99.81,99.41,100.38,101.4,98.77,101.57,101.98,102.94,97.81,99,99.81,100.36,99.66,101.34,101,100.86,101.73,95.94,101.15,98.3,99.79,99.71,100.68,102.86,100.57,100.25,96.26,100.36,103.67,100.86,101.52,100.59,100.44,100.26,100.61,100.43,100.32,100.69,99.89,97.1,100.15,99.68,99.97,100.32,93.45,106.76,109.88,98.92,100.64,101.18,99.9,99.49,100.52,100.44,101.26,100.12,100.98,103.46,101.81,98.66,104.75,102.68,97.69,97.73,100,97.54,99.42,98.37,97.91,94.19,96.25,96.39,98.77,102.59,95.91,100.41,99.48,97.52,99.28,100.2,100.3,100.72,100.6,100.85,101.31,101.36,97.84,102.11,99.95,101.25,101.51,99.77,101.02,103.21,103,100.4,100.96,100,100.38,101.48,100.04,101.14,102.09,102.15,98.03,101.05,100.66,100.5,100.47,100.44,100.19,100.82,100.63,100.67,101.45,104.09,101.29,101.69,100.77,101.26,100.79,100.53,100.32,100.82,100.62,102.1,100.73,100.96,89.48,98.07,102.76,103.72,99.16,102.57,98.24,98.72,101.01,102.65,98.4,97.42,100.31,100.7,98.6,98.98,98.92,101.32,100.86,100,100.11,101.14,101,102.13,100.57,101.74,100.54,100.907047
11,2018,769.6242308,677.175,2.750742857,6.8,0.2,0.1,1573.06,1434.19,686.01,5098.55,5091.68,6299.67,6815.66,5981.55,6370.95,3848.42,5234,3977.27,3660.79,6420.04,5726.59,10452.57,4823.47,4944.03,8413.86,9048.94,5033.55,4785.91,7130,2566.45,6109.28,2054.32,3006.27,5725.68,1992.71,5947.11,4003.95,2430.3,1805.06,5734.81,5010.23,5748.82,7785.59,5202.48,6346.03,4800.09,4492.19,1137.71,1057.57,832.68,640.42,1362.76,1158.83,1784.26,1494.79,3637.86,2610.98,831.33,722.79,750.7,745.69,367.6,370.07,1115.23,1025.14,1005.38,805.38,733.9,717.25,1034.51,925.52,1792.59,1725.39,841.19,701.25,774.47,613.64,1607.95,1268.33,1570.83,933.8,523.21,340.23,1212.27,925.9,1295.99,1093.64,854.53,660.67,506.7,344.58,1828.97,1950.97,1406.61,2542.52,2089.68,2077.18,1899.14,3039.23,4214.55,4401.58,749.83,754.79,1824.76,1286.99,7097.53,6252.91,7496.94,178.44,1211.6,1473.91,1577.64,1247.34,1559.3,98.48,101.13,100.07,101.74,100.84,101.86,100.34,99.71,101.5,99.11,99.16,97.44,98.16,100.32,103.79,98.82,98.15,101.06,101.43,101.28,98.67,100.32,101.88,100.69,100.07,98.85,105.57,97.54,98.44,101.18,76.82,109.67,100.52,114.98,100.58,100.41,98.7,105.86,98.03,91.65,97.71,114.99,103.67,101.91,112.36,87.62,98.33,96.28,98.86,102.64,98.18,134.56,100.14,101.88,100.12,101.07,103.59,100.18,102.92,100.87,101.64,101.31,98.79,102.05,103.5,100.4,97.7,101.16,101.03,100.8,101.37,100.94,102.8,100.72,101.48,107.56,99.68,98.85,101.74,100.81,101.32,99.73,101.84,100,100.41,98.06,103.54,97.66,100.06,100.2,99.17,104.5,94.92,99.86,93.4,97.49,95.23,93.96,99.15,96.21,99.95,102.37,101.12,101.29,99.93,99.28,98.44,100.23,100.35,96.09,98.79,99.99,101.62,100.12,101.91,100.33,103.06,101.36,102.3,102.75,104.05,99.73,97.1,108.24,105.92,100.29,108.94,100.19,99.78,95.92,99.02,98.87,97.08,101.72,101.04,101.67,96.26,101.75,98.13,101.75,100.82,99.67,97.98,99.61,99.47,99.87,96.1,101.58,98.73,99.82,100.61,101.71,98.72,101.6,101.61,103.3,95.25,98.2,97.82,100.49,97.84,101.99,98.26,100.99,100.94,96.2,101.35,98.53,97.69,107,100.32,99.5,103.5,100.79,98.25,102.32,98.54,101.34,97.62,100.61,100.45,100.32,100.65,100.47,100.34,100.72,100.01,96.62,100.18,98.41,100.13,99.09,95.39,105.27,112.46,97.93,100.91,101.62,99.98,99.49,100.82,100.57,102.18,100.07,100.98,105.2,101.81,90.22,99.33,102.68,99.46,96.82,99.98,96.56,99.42,98.39,94.57,92.66,96.01,98.12,97.4,102.03,95.71,99.73,99.82,97.48,99.28,100.08,97.19,100.26,101.45,100.5,101.6,98.42,96,101.15,99.68,100.99,102.18,99.59,101.28,103.21,103.36,100.4,101.18,100,100.38,101.03,99.99,101.73,102.38,103.51,104.27,101.05,100.66,100.5,100.47,100.44,100.19,100.82,100.63,100.67,101.45,104.39,101.43,102.15,100.93,101.43,101.3,101.26,101.24,100.9,100.96,100.82,101.85,100.4,89.48,96.71,103.31,102.21,99.23,102.9,96.91,99.25,101.61,109.71,97.6,97.51,100.56,101.33,97.43,96.24,98.95,103.14,101.13,100,100.57,101.14,100.5,102.56,100.57,102.58,100.59,100.8229594
12,2018,779.1065385,684.6261538,2.723375,6.7,0,0.2,1558.2,1404.49,682.29,4767.31,4663.05,6484.12,6946.26,6025.38,6476.79,3923.29,4850.97,4070.94,3826.72,6370.33,5614.83,10329.38,4633.22,4560.91,7915.43,8703.91,4735.09,4808.13,7045.29,2789.01,5503.21,2185.12,3021.47,5784.05,1997.99,6111.56,4037.36,2406.36,1813.55,5886.25,4614.32,6002.18,7624.67,4850.45,6292.6,4496.59,4319.05,1132.45,1050.37,837.19,625.71,1525.83,1362.95,1755.16,1521.58,3381.04,2582.15,843.7,747.18,729.93,725.92,360.16,313.2,1117.86,1067.54,1019.87,957,669.39,804.75,1042.03,1018.07,1803.41,1678.22,849.2,767.08,800.65,696.85,1554.85,1351.8,1538.34,1215,516.13,403.05,1180.03,1000.78,1222.46,1068.33,822.89,705.53,528.55,352.13,1809.65,1942.32,1418.12,2562.27,2096.9,2061.02,1925.82,3060.16,4130.45,4427.3,744.3,749.54,1835.95,1302.3,7235.29,6440.42,7534.4,178.53,1228.07,1504.71,1600.54,1280.38,1575.65,99.74,99.4,101.73,101.87,99.47,101.85,100.49,99.01,101.1,98.77,99.62,103.27,97.37,100.54,101.59,94.24,97.36,98.48,102.07,104.23,96.64,99.35,101.68,100.45,101.71,98.9,105.99,99.68,98.01,110.45,79.29,120.41,108.02,114.66,99.93,99.21,99.04,102.26,102.74,98.61,95.91,99.48,89.86,98.47,114.51,90.6,94.81,100.25,101.5,100.29,97.83,119.85,96.55,100.91,99.74,97.15,103.09,102.42,102.79,100.74,100.19,101.49,100.95,101.98,102.15,100.1,98.83,101.44,98.97,101.47,100.4,100.64,102.88,101.1,101.81,108.44,100.52,98.68,98.73,98.03,101.89,97,100.61,100,101.49,96.41,98.47,95.64,99.03,98.99,96.95,104.14,93.11,98.66,92.73,96.06,93.51,86.31,99.24,96.16,99.95,102.64,99.75,101.12,98.07,98.94,97.75,100.25,101.85,96.54,99.97,99.99,101.76,104.22,102.39,100.52,104.07,102.89,102.48,102.75,104.69,101.96,97.02,108.28,101.75,100.65,100.58,96.02,99.82,99.57,99.32,98.61,98.96,105.33,101.21,101.56,93.43,98,96.67,100.74,100.4,99.67,97.77,98.1,99.99,97.23,94.81,101.81,99.98,99.61,98.98,96.53,97.63,103.21,100.76,102.57,97.82,97.31,96.51,100.57,100.6,100.95,101.59,101.08,101.36,96.36,101.44,98.57,101.55,101.76,100.74,101.94,103.5,100.79,99.9,100.85,98.54,101.31,97.73,100.65,100.47,100.44,100.64,100.47,100.51,100.65,98.9,96.22,99.64,97.13,101.76,99.08,97.89,102.52,108.71,98.1,101,101.85,100.23,99.49,101.16,100.58,102.81,100.05,100.98,105.4,100.02,110.09,93.18,102.68,95.77,96.97,99.97,96.63,99.22,98.39,92.46,86.91,96.24,96.46,96.48,99.3,94.06,98.93,96.74,98.24,103.3,100.08,100.42,101.24,101.13,99.72,101.6,93.37,96,99.37,99.68,100.57,102.18,99.59,101.28,103.21,103.47,100.21,101.16,100,100.38,101.37,99.99,101.89,102.55,104.2,110.76,101.05,100.66,100.5,100.47,100.44,100.19,100.82,100.63,100.67,101.45,104.29,101.87,102.45,101.19,102.15,101.45,100.94,99.22,101.12,102.92,97.62,102.26,100.06,88.82,100.21,100.94,101.18,100.78,100.74,97.35,100.22,101.74,108.59,97.91,97.33,100.83,100.44,96.42,99.08,99.04,103.42,101.37,100,100.82,101.14,99.72,102.53,100.57,102.66,101.17,100.6364065
1,2019,770.9657407,675.1362963,2.670214286,6.8,0.2,0.1,1574.44,1399.16,681.62,5149.26,5060.6,6348.07,7006.59,6185.44,6110.44,3935.11,5266.88,3893.12,3601.09,6577.07,5836.07,10028.33,4861.06,5026.26,8407.3,8416.13,5384.94,4973.99,7260.9,2599.65,5841.34,2168.55,2945.1,5713.57,2005.39,6321.87,4078.64,2420.28,1828.13,5623.92,5262.16,5599.34,8169.92,5114.57,6638.56,4943.14,4507.76,1128.14,1046.95,836.75,612.15,1883.12,1656.84,1635.22,1484.82,3274.65,2624.65,838.5,661.01,751.91,746.36,375.01,279,1108.21,1011.42,1012.92,921.19,553.73,456.13,1032.62,896.16,1810.07,1792.75,831.33,657.02,801.31,748.79,1237.46,784.25,1247.83,496,511.65,397.26,1182.73,929.21,1203.69,1050.84,859.59,691.22,523.19,413.66,1790.17,1912.85,1426.98,2540.35,2095.39,2061.08,1934.09,2997.82,4182.44,4459.84,750.09,752.38,1848.45,1274.77,7062.82,6410.01,7592.27,177.29,1238.35,1540.63,1602.96,1294.86,1599.36,98.62,101.43,100.08,102,101.11,102.47,101.53,98.37,101.73,98.57,98.56,105.78,100.12,99.82,99.23,100.64,99.44,98.42,104.19,103.68,98.19,100.34,100.43,101.15,99.99,96.91,104.59,103.2,98.74,123.66,83.22,118.68,99.13,102.51,98.5,99.73,103.17,99.24,105.78,137.23,97.09,97.74,91.17,105.8,105.44,95.44,94.68,107.29,99.99,101.57,97.9,90.88,106.88,100.08,99.84,98.34,98.66,103.7,102.74,101.24,99.84,101.65,103.59,102.15,101.32,100.02,99.41,100.88,100.38,99.29,100.41,100.72,102.66,100.7,100.79,109,100.02,100.85,102.24,102.32,102.09,99.82,101.8,102.67,101.92,97.26,96.89,94.23,98.55,98.65,96.32,103.82,91.7,99.01,93.75,96.06,93.51,86.45,98.77,95.14,102.64,102.94,99.89,101.57,97.37,98.74,97.09,95.78,101,96.79,99.83,100.74,102.11,104.72,102.59,101.33,104.98,103.22,102.5,102.75,104.69,105.72,98.03,104.04,99.58,100.89,98.14,95.31,97.97,101.82,99.93,100.8,100.38,94.2,100.12,101.56,94.83,100.36,96.73,102.47,101.63,99.67,99.52,101.38,100.68,97.35,96.34,101.81,101.29,101.21,102.98,96.63,95.96,104.11,99.82,104.6,95.12,100.06,100.6,100.7,102.37,100.89,102.41,101.32,97.26,96.07,101.47,96.72,101.41,102.13,101.95,101.5,103.48,102.09,100.15,96.23,95.83,101.31,102.4,100.89,99.96,101.83,98.97,100.46,100.76,101.51,99.85,94.75,101.69,97.72,100.74,95.74,96.09,99.25,103.94,98.46,101.17,102.45,100.66,105.82,102.28,100.78,103.78,105.57,100.98,107.49,101.43,112.07,88.98,102.68,94.82,96.97,99.97,96.63,99.22,98.39,93.78,92.57,96.58,99.62,96.98,100.22,95.52,98.93,98.8,97.52,101.68,100.64,98.98,101.49,102.56,99.9,102.56,103.9,96,99.9,99.82,98.1,102.11,99.77,101.41,103.21,103.33,100.21,100.88,100,100.38,101.09,99.99,101.41,101.91,104.07,102.05,101.05,100.66,100.5,100.47,100.44,100.19,100.82,100.63,100.67,101.45,103.75,102.24,102.52,101.3,102.58,101.95,101.65,100.41,101.19,102.97,96.67,102.58,102.64,87.23,101.49,104.41,103.94,102.49,99.36,98.32,97.69,102,106.21,98.08,101.69,100.82,101.74,98.41,99.51,96.93,103.73,101.35,100,100.82,104.65,99.47,102.78,100.57,103.29,104.13,100.75
2,2019,744.6060417,656.3121739,2.853315789,6.7,0.1,0.3,1589.95,1410.23,683.16,5102.77,4983.83,6490.75,7138.12,6051.62,6248.71,3849.93,5250.01,3661.91,3552,6523.32,5954.37,10206.49,5036.01,4884.66,8268.5,8516.32,5519.07,4897.05,7044.8,2723.17,5689.64,2288.24,2992,5791.11,1967.44,6180.58,4070.18,2408.43,1816.3,5896.74,4982.27,5911.58,8241.54,5113.3,6621.57,4657.62,4448.29,1142.74,1061.16,832.77,618.65,2054.03,1951.77,1746.23,1702.13,3385.52,2657.54,836.26,674.94,756.3,752.41,390.58,375.89,1107.63,937.13,999.52,853.53,496.9,454.75,1040.2,816.48,1814.82,1709.88,857.09,746.47,789.8,658.48,1156.96,1172.86,1124.56,1056.67,506.49,412.9,1178.54,1132.91,1241.56,1112.83,858.77,666.44,526.38,425.67,1785.9,1896.86,1443.77,2550.04,2091.13,2055.64,1925.43,3011.58,4137.71,4431.8,746.21,748.51,1853.87,1293.85,7336.92,6484.5,7495.04,181.34,1231.48,1564.57,1625.11,1293.95,1594.16,99.76,100.84,101.64,103.04,102.75,101.5,99.55,92.81,91.93,101.05,102.29,101.37,100.61,102.67,110.58,101.28,95.71,101.04,101.34,96.97,98.93,100.44,99.4,100.56,102.5,103.7,101.62,103.69,102.25,100.19,104.36,98.46,99.37,101.71,100.82,101.08,100.36,100.33,103.87,100,97.48,99.1,102.38,98.95,102.34,103.06,101.95,98.4,96.03,98.73,103.56,102.06,96.32,97.62,98.39,102.75,97.79,84.43,101.41,104.04,105.75,101.73,98.15,101.99,103.89,101.45,95.24,97.38,99.17,101.32,102.72,104.62,102.09,105.62,100,100.93,100.18,102.8,101.85,89.09,100.65,102.09,105.04,103.78,122.55,104.86,99.9,102.13,100.8,97.67,94.2,91.1,101.33,103.88,100.36,124.57,102.76,99.05,94.45,103.32,97.99,101.38,103.48,102.59,98.38,103.33,98.3,100.57,101,103.82,103.89,101.46,105.9,98.52,99.48,97.22,99.33,102,103.19,101.15,99.08,104.5,98.06,101.54,99.83,100.41,96.79,101.08,89.17,104.24,100.26,101.97,100.71,102.13,94.96,101.93,101.1,98.22,105.43,100.66,102.67,104.3,101.43,102.16,100.41,100.87,95.7,99.97,95.88,100.97,99.64,105.57,103.79,102.22,100.63,96.68,100.82,100.2,103.09,98.98,92.21,102.59,99.87,97.64,97.71,95.62,103.21,99.02,102.77,98.88,100.85,103.45,101.36,99.65,100.47,96.94,99.98,100.85,86.97,98.54,98.04,103.46,101.21,100.01,98.6,99.89,99.97,104.4,102.87,98.34,100.88,100.26,101.03,102.18,101.74,99.37,100.55,100.65,99.84,96.89,98.36,106.78,109.49,100.58,103.1,108.48,101.07,99.43,99.98,101.52,93.93,101.84,100.5,101.39,101.73,96.52,97.74,96.68,99.67,100.98,100.02,100.67,104.65,100.29,95.1,102.13,101.07,96.13,95.59,97.97,111.05,107.73,104.68,99.91,107.69,102.76,100.78,103.88,98.52,94.56,97.13,101.52,101.55,102.04,101.31,97.11,100.47,102.76,105.02,99.11,98.63,106.75,99.85,101.45,100.66,101.96,97.85,87.17,97.16,140.64,104.57,92.78,102.31,100.55,88,97.78,101.62,102.67,98.42,102.39,100.15,99.25,103.23,99.72,99.86,91.76,97,99.99,97.58,98.78,99.11,102.72,100.26,100.57,101.48,90.58,102.06,96.96,102.53,103.58,88.05,101.52,104.63,102.45,103.15,101.45,102.21,93.14,100.17,95.56,106.61,100.84,98.63,100.79
